ID,FINCA,MAESTRA,PROMEDIADO,PRESTACIONES,FACTOR
100001,ENANO,REG SUR,G04,0.3887,1.0
100001,EVA,REG SUR,G04,0.3887,1.0
100001,SAMI,REG SUR,G04,0.3887,1.0
100001,VEGA,REG SUR,G04,0.3887,1.0
100001,FEDERICA,REG SUR,G04,0.3887,1.0
100001,NEERLANDIA,SG,G04,0.3887,1.0
100001,SAN ANTONIO,SG,G04,0.3887,1.0
100001,MRS,REG SUR,G04,0.3887,1.0
100001,DON FUAD,REG SUR,G04,0.3887,1.0
100001,EUFEMIA,EUF,G04,0.3887,1.0
100001,OLGA,EUF,G04,0.3887,1.0
100001,DON SAID,REG SUR,G04,0.3887,1.0
100001,ASUNTINA,CONT02,G04,0.3887,1.0
100001,PORLAMAR,REG SUR,G05,0.3887,1.0
100001,EL MORRO,REG SUR,G04,0.3887,1.0
100001,LA PERLA,REG SUR,G04,0.3887,1.0
100001,ARACATACA,REG SUR,G05,0.3887,1.0
100001,BOCATOMA,REG SUR,G04,0.3887,1.0
100001,JOYA,CONT01,G04,0.3887,1.0
100001,ESMERALDA,CONT01,G04,0.3887,1.0
100001,NARANJOS,CONT01,G04,0.3887,1.0
100001,YUNQUE,CONT01,G04,0.3887,1.0
100001,DONAMA,CONT01,G04,0.3887,1.0
100001,BURDEOS,CONT01,G04,0.3887,1.0
100001,DON MARCE SUR 2,ORG SUR,G04,0.3887,1.0
100001,LAS MARGARITAS,ORG SUR,G04,0.3887,1.0
100001,LA CECILIA,ORG SUR,G04,0.3887,1.0
100001,JOSEFINA,ORG SUR,G04,0.3887,1.0
100001,SAN ALFREDO,ORG SUR,G04,0.3887,1.0
100001,VICTORIA,ORG SUR,G04,0.3887,1.0
100001,CIRCASIA,ORG SUR,G04,0.3887,1.0
100001,CIÉNAGA,ORG SUR,G04,0.3887,1.0
100001,MARÍA,ORG SUR,G04,0.3887,1.0
100001,REMANSO,ORG SUR,G04,0.3887,1.0
100001,PIEDECUESTA,ORG SUR,G04,0.3887,1.0
100001,NÁUTICA,CESAR,G05,0.3887,1.0
100001,LAS LINAS,LINAS,G04,0.3887,1.0
100001,DON ALÍ,ORG NORTE,G04,0.3887,1.0
100001,DR4 DON ALÍ,ORG NORTE,G04,0.3887,1.0
100001,DON CARLOS,ORG NORTE,G04,0.3887,1.0
100001,EVA NORTE,ORG NORTE,G05,0.3887,1.0
100001,DON PEDRO,ORG NORTE,G04,0.3887,1.0
100001,LA VELA,ORG NORTE,G04,0.3887,1.0
100001,ESPERANZA,ORG NORTE,G04,0.3887,1.0
100001,LINA MARGARITA,PLAT,G04,0.3887,1.0
100001,DON MARCE,CONT04,G04,0.3887,1.0
100002,ENANO,REG SUR,G04,0.3887,1.0
100002,EVA,REG SUR,G04,0.3887,1.0
100002,SAMI,REG SUR,G04,0.3887,1.0
100002,VEGA,REG SUR,G04,0.3887,1.0
100002,FEDERICA,REG SUR,G04,0.3887,1.0
100002,NEERLANDIA,SG,G04,0.3887,1.0
100002,SAN ANTONIO,SG,G04,0.3887,1.0
100002,MRS,REG SUR,G04,0.3887,1.0
100002,DON FUAD,REG SUR,G04,0.3887,1.0
100002,EUFEMIA,EUF,G04,0.3887,1.0
100002,OLGA,EUF,G04,0.3887,1.0
100002,DON SAID,REG SUR,G04,0.3887,1.0
100002,ASUNTINA,CONT02,G04,0.3887,1.0
100002,PORLAMAR,REG SUR,G05,0.3887,1.0
100002,EL MORRO,REG SUR,G04,0.3887,1.0
100002,LA PERLA,REG SUR,G04,0.3887,1.0
100002,ARACATACA,REG SUR,G05,0.3887,1.0
100002,BOCATOMA,REG SUR,G04,0.3887,1.0
100002,JOYA,CONT01,G04,0.3887,1.0
100002,ESMERALDA,CONT01,G04,0.3887,1.0
100002,NARANJOS,CONT01,G04,0.3887,1.0
100002,YUNQUE,CONT01,G04,0.3887,1.0
100002,DONAMA,CONT01,G04,0.3887,1.0
100002,BURDEOS,CONT01,G04,0.3887,1.0
100002,DON MARCE SUR 2,ORG SUR,G04,0.3887,1.0
100002,LAS MARGARITAS,ORG SUR,G04,0.3887,1.0
100002,LA CECILIA,ORG SUR,G04,0.3887,1.0
100002,JOSEFINA,ORG SUR,G04,0.3887,1.0
100002,SAN ALFREDO,ORG SUR,G04,0.3887,1.0
100002,VICTORIA,ORG SUR,G04,0.3887,1.0
100002,CIRCASIA,ORG SUR,G04,0.3887,1.0
100002,CIÉNAGA,ORG SUR,G04,0.3887,1.0
100002,MARÍA,ORG SUR,G04,0.3887,1.0
100002,REMANSO,ORG SUR,G04,0.3887,1.0
100002,PIEDECUESTA,ORG SUR,G04,0.3887,1.0
100002,NÁUTICA,CESAR,G05,0.3887,1.0
100002,LAS LINAS,LINAS,G04,0.3887,1.0
100002,DON ALÍ,ORG NORTE,G04,0.3887,1.0
100002,DR4 DON ALÍ,ORG NORTE,G04,0.3887,1.0
100002,DON CARLOS,ORG NORTE,G04,0.3887,1.0
100002,EVA NORTE,ORG NORTE,G05,0.3887,1.0
100002,DON PEDRO,ORG NORTE,G04,0.3887,1.0
100002,LA VELA,ORG NORTE,G04,0.3887,1.0
100002,ESPERANZA,ORG NORTE,G04,0.3887,1.0
100002,LINA MARGARITA,PLAT,G04,0.3887,1.0
100002,DON MARCE,PLAT,G04,0.3887,1.0
100003,ENANO,REG SUR,G04,0.3887,1.0
100003,EVA,REG SUR,G04,0.3887,1.0
100003,SAMI,REG SUR,G04,0.3887,1.0
100003,VEGA,REG SUR,G04,0.3887,1.0
100003,FEDERICA,REG SUR,G04,0.3887,1.0
100003,NEERLANDIA,SG,G04,0.3887,1.0
100003,SAN ANTONIO,SG,G04,0.3887,1.0
100003,MRS,REG SUR,G04,0.3887,1.0
100003,DON FUAD,REG SUR,G04,0.3887,1.0
100003,EUFEMIA,EUF,G04,0.3887,1.0
100003,OLGA,EUF,G04,0.3887,1.0
100003,DON SAID,REG SUR,G04,0.3887,1.0
100003,ASUNTINA,CONT02,G04,0.3887,1.0
100003,PORLAMAR,REG SUR,G05,0.3887,1.0
100003,EL MORRO,REG SUR,G04,0.3887,1.0
100003,LA PERLA,REG SUR,G04,0.3887,1.0
100003,ARACATACA,REG SUR,G05,0.3887,1.0
100003,BOCATOMA,REG SUR,G04,0.3887,1.0
100003,JOYA,CONT01,G04,0.3887,1.0
100003,ESMERALDA,CONT01,G04,0.3887,1.0
100003,NARANJOS,CONT01,G04,0.3887,1.0
100003,YUNQUE,CONT01,G04,0.3887,1.0
100003,DONAMA,CONT01,G04,0.3887,1.0
100003,BURDEOS,CONT01,G04,0.3887,1.0
100003,DON MARCE SUR 2,ORG SUR,G04,0.3887,1.0
100003,LAS MARGARITAS,ORG SUR,G04,0.3887,1.0
100003,LA CECILIA,ORG SUR,G04,0.3887,1.0
100003,JOSEFINA,ORG SUR,G04,0.3887,1.0
100003,SAN ALFREDO,ORG SUR,G04,0.3887,1.0
100003,VICTORIA,ORG SUR,G04,0.3887,1.0
100003,CIRCASIA,ORG SUR,G04,0.3887,1.0
100003,CIÉNAGA,ORG SUR,G04,0.3887,1.0
100003,MARÍA,ORG SUR,G04,0.3887,1.0
100003,REMANSO,ORG SUR,G04,0.3887,1.0
100003,PIEDECUESTA,ORG SUR,G04,0.3887,1.0
100003,NÁUTICA,CESAR,G05,0.3887,1.0
100003,LAS LINAS,LINAS,G04,0.3887,1.0
100003,DON ALÍ,ORG NORTE,G04,0.3887,1.0
100003,DR4 DON ALÍ,ORG NORTE,G04,0.3887,1.0
100003,DON CARLOS,ORG NORTE,G04,0.3887,1.0
100003,EVA NORTE,ORG NORTE,G05,0.3887,1.0
100003,DON PEDRO,ORG NORTE,G04,0.3887,1.0
100003,LA VELA,ORG NORTE,G04,0.3887,1.0
100003,ESPERANZA,ORG NORTE,G04,0.3887,1.0
100003,LINA MARGARITA,PLAT,G04,0.3887,1.0
100003,DON MARCE,PLAT,G04,0.3887,1.0
100004,ENANO,REG SUR,G04,0.3887,1.0
100004,EVA,REG SUR,G04,0.3887,1.0
100004,SAMI,REG SUR,G04,0.3887,1.0
100004,VEGA,REG SUR,G04,0.3887,1.0
100004,FEDERICA,REG SUR,G04,0.3887,1.0
100004,NEERLANDIA,SG,G04,0.3887,1.0
100004,SAN ANTONIO,SG,G04,0.3887,1.0
100004,MRS,REG SUR,G04,0.3887,1.0
100004,DON FUAD,REG SUR,G04,0.3887,1.0
100004,EUFEMIA,EUF,G04,0.3887,1.0
100004,OLGA,EUF,G04,0.3887,1.0
100004,DON SAID,CONT03,G04,0.3887,1.0
100004,ASUNTINA,CONT02,G04,0.3887,1.0
100004,PORLAMAR,REG SUR,G05,0.3887,1.0
100004,EL MORRO,REG SUR,G04,0.3887,1.0
100004,LA PERLA,REG SUR,G04,0.3887,1.0
100004,ARACATACA,REG SUR,G05,0.3887,1.0
100004,BOCATOMA,REG SUR,G04,0.3887,1.0
100004,JOYA,CONT01,G04,0.3887,1.0
100004,ESMERALDA,CONT01,G04,0.3887,1.0
100004,NARANJOS,CONT01,G04,0.3887,1.0
100004,YUNQUE,CONT01,G04,0.3887,1.0
100004,DONAMA,CONT01,G04,0.3887,1.0
100004,BURDEOS,CONT01,G04,0.3887,1.0
100004,DON MARCE SUR 2,ORG SUR,G04,0.3887,1.0
100004,LAS MARGARITAS,ORG SUR,G04,0.3887,1.0
100004,LA CECILIA,ORG SUR,G04,0.3887,1.0
100004,JOSEFINA,ORG SUR,G04,0.3887,1.0
100004,SAN ALFREDO,ORG SUR,G04,0.3887,1.0
100004,VICTORIA,ORG SUR,G04,0.3887,1.0
100004,CIRCASIA,ORG SUR,G04,0.3887,1.0
100004,CIÉNAGA,ORG SUR,G04,0.3887,1.0
100004,MARÍA,ORG SUR,G04,0.3887,1.0
100004,REMANSO,ORG SUR,G04,0.3887,1.0
100004,PIEDECUESTA,ORG SUR,G04,0.3887,1.0
100004,NÁUTICA,CESAR,G05,0.3887,1.0
100004,LAS LINAS,LINAS,G04,0.3887,1.0
100004,DON ALÍ,ORG NORTE,G04,0.3887,1.0
100004,DR4 DON ALÍ,ORG NORTE,G04,0.3887,1.0
100004,DON CARLOS,ORG NORTE,G04,0.3887,1.0
100004,EVA NORTE,ORG NORTE,G05,0.3887,1.0
100004,DON PEDRO,ORG NORTE,G04,0.3887,1.0
100004,LA VELA,ORG NORTE,G04,0.3887,1.0
100004,ESPERANZA,ORG NORTE,G04,0.3887,1.0
100004,LINA MARGARITA,PLAT,G04,0.3887,0.0
100004,DON MARCE,PLAT,G04,0.3887,1.0
100005,ENANO,REG SUR,G04,0.3887,0.5
100005,EVA,REG SUR,G04,0.3887,1.0
100005,SAMI,REG SUR,G04,0.3887,1.0
100005,VEGA,REG SUR,G04,0.3887,1.0
100005,FEDERICA,REG SUR,G04,0.3887,0.5
100005,NEERLANDIA,SG,G04,0.3887,1.0
100005,SAN ANTONIO,SG,G04,0.3887,1.0
100005,MRS,REG SUR,G04,0.3887,0.4
100005,DON FUAD,REG SUR,G04,0.3887,0.4
100005,EUFEMIA,EUF,G04,0.3887,1.0
100005,OLGA,EUF,G04,0.3887,0.0
100005,DON SAID,REG SUR,G04,0.3887,1.0
100005,ASUNTINA,CONT02,G04,0.3887,0.0
100005,PORLAMAR,REG SUR,G05,0.3887,1.0
100005,EL MORRO,REG SUR,G04,0.3887,0.0
100005,LA PERLA,REG SUR,G04,0.3887,0.0
100005,ARACATACA,REG SUR,G05,0.3887,1.0
100005,BOCATOMA,REG SUR,G04,0.3887,0.0
100005,JOYA,CONT01,G04,0.3887,0.0
100005,ESMERALDA,CONT01,G04,0.3887,0.0
100005,NARANJOS,CONT01,G04,0.3887,0.0
100005,YUNQUE,CONT01,G04,0.3887,0.0
100005,DONAMA,CONT01,G04,0.3887,0.0
100005,BURDEOS,CONT01,G04,0.3887,0.0
100005,DON MARCE SUR 2,ORG SUR,G04,0.3887,0.4
100005,LAS MARGARITAS,ORG SUR,G04,0.3887,1.0
100005,LA CECILIA,ORG SUR,G04,0.3887,0.0
100005,JOSEFINA,ORG SUR,G04,0.3887,1.0
100005,SAN ALFREDO,ORG SUR,G04,0.3887,0.0
100005,VICTORIA,ORG SUR,G04,0.3887,1.0
100005,CIRCASIA,ORG SUR,G04,0.3887,1.0
100005,CIÉNAGA,ORG SUR,G04,0.3887,0.0
100005,MARÍA,ORG SUR,G04,0.3887,1.0
100005,REMANSO,ORG SUR,G04,0.3887,1.0
100005,PIEDECUESTA,ORG SUR,G04,0.3887,1.0
100005,NÁUTICA,CESAR,G05,0.3887,0.3
100005,LAS LINAS,LINAS,G04,0.3887,0.5
100005,DON ALÍ,ORG NORTE,G04,0.3887,0.0
100005,DR4 DON ALÍ,ORG NORTE,G04,0.3887,0.0
100005,DON CARLOS,ORG NORTE,G04,0.3887,0.0
100005,EVA NORTE,ORG NORTE,G05,0.3887,0.0
100005,DON PEDRO,ORG NORTE,G04,0.3887,0.0
100005,LA VELA,ORG NORTE,G04,0.3887,0.0
100005,ESPERANZA,ORG NORTE,G04,0.3887,0.0
100005,LINA MARGARITA,PLAT,G04,0.3887,1.0
100005,DON MARCE,PLAT,G04,0.3887,0.0
100006,ENANO,REG SUR,G04,0.3887,7.5
100006,EVA,REG SUR,G04,0.3887,5.4
100006,SAMI,REG SUR,G04,0.3887,6.0
100006,VEGA,REG SUR,G04,0.3887,0.0
100006,FEDERICA,REG SUR,G04,0.3887,9.0
100006,NEERLANDIA,SG,G04,0.3887,8.0
100006,SAN ANTONIO,SG,G04,0.3887,8.0
100006,MRS,REG SUR,G04,0.3887,0.0
100006,DON FUAD,REG SUR,G04,0.3887,0.0
100006,EUFEMIA,EUF,G04,0.3887,8.0
100006,OLGA,EUF,G04,0.3887,0.0
100006,DON SAID,REG SUR,G04,0.3887,20.0
100006,ASUNTINA,REG SUR,G04,0.3887,0.0
100006,PORLAMAR,REG SUR,G05,0.3887,0.0
100006,EL MORRO,REG SUR,G04,0.3887,0.0
100006,LA PERLA,REG SUR,G04,0.3887,0.0
100006,ARACATACA,REG SUR,G05,0.3887,40.0
100006,BOCATOMA,REG SUR,G04,0.3887,0.0
100006,JOYA,REG SUR,G04,0.3887,0.0
100006,ESMERALDA,REG SUR,G04,0.3887,0.0
100006,NARANJOS,REG SUR,G04,0.3887,0.0
100006,YUNQUE,REG SUR,G04,0.3887,0.0
100006,DONAMA,REG SUR,G04,0.3887,0.0
100006,BURDEOS,REG SUR,G04,0.3887,0.0
100006,DON MARCE SUR 2,ORG SUR,G04,0.3887,0.0
100006,LAS MARGARITAS,ORG SUR,G04,0.3887,0.0
100006,LA CECILIA,ORG SUR,G04,0.3887,0.0
100006,JOSEFINA,ORG SUR,G04,0.3887,0.0
100006,SAN ALFREDO,ORG SUR,G04,0.3887,0.0
100006,VICTORIA,ORG SUR,G04,0.3887,0.0
100006,CIRCASIA,ORG SUR,G04,0.3887,0.0
100006,CIÉNAGA,ORG SUR,G04,0.3887,0.0
100006,MARÍA,ORG SUR,G04,0.3887,0.0
100006,REMANSO,ORG SUR,G04,0.3887,0.0
100006,PIEDECUESTA,ORG SUR,G04,0.3887,0.0
100006,NÁUTICA,CESAR,G05,0.3887,0.0
100006,LAS LINAS,LINAS,G04,0.3887,10.0
100006,DON ALÍ,ORG NORTE,G04,0.3887,0.0
100006,DR4 DON ALÍ,ORG NORTE,G04,0.3887,0.0
100006,DON CARLOS,ORG NORTE,G04,0.3887,0.0
100006,EVA NORTE,ORG NORTE,G05,0.3887,0.0
100006,DON PEDRO,ORG NORTE,G04,0.3887,0.0
100006,LA VELA,ORG NORTE,G04,0.3887,0.0
100006,ESPERANZA,ORG NORTE,G04,0.3887,0.0
100006,LINA MARGARITA,PLAT,G04,0.3887,0.0
100006,DON MARCE,PLAT,G04,0.3887,0.0
100023,ENANO,REG SUR,G04,0.3887,0.0
100023,EVA,REG SUR,G04,0.3887,0.0
100023,SAMI,REG SUR,G04,0.3887,0.0
100023,VEGA,REG SUR,G04,0.3887,0.0
100023,FEDERICA,REG SUR,G04,0.3887,0.0
100023,NEERLANDIA,SG,G04,0.3887,0.0
100023,SAN ANTONIO,SG,G04,0.3887,0.0
100023,MRS,REG SUR,G04,0.3887,0.0
100023,DON FUAD,REG SUR,G04,0.3887,0.0
100023,EUFEMIA,EUF,G04,0.3887,0.0
100023,OLGA,EUF,G04,0.3887,0.0
100023,DON SAID,REG SUR,G04,0.3887,0.0
100023,ASUNTINA,REG SUR,G04,0.3887,0.0
100023,PORLAMAR,REG SUR,G05,0.3887,4.0
100023,EL MORRO,REG SUR,G04,0.3887,0.0
100023,LA PERLA,REG SUR,G04,0.3887,0.0
100023,ARACATACA,REG SUR,G05,0.3887,0.0
100023,BOCATOMA,REG SUR,G04,0.3887,0.0
100023,JOYA,REG SUR,G04,0.3887,0.0
100023,ESMERALDA,REG SUR,G04,0.3887,0.0
100023,NARANJOS,REG SUR,G04,0.3887,0.0
100023,YUNQUE,REG SUR,G04,0.3887,0.0
100023,DONAMA,REG SUR,G04,0.3887,0.0
100023,BURDEOS,REG SUR,G04,0.3887,0.0
100023,DON MARCE SUR 2,ORG SUR,G04,0.3887,0.0
100023,LAS MARGARITAS,ORG SUR,G04,0.3887,0.0
100023,LA CECILIA,ORG SUR,G04,0.3887,0.0
100023,JOSEFINA,ORG SUR,G04,0.3887,0.0
100023,SAN ALFREDO,ORG SUR,G04,0.3887,0.0
100023,VICTORIA,ORG SUR,G04,0.3887,0.0
100023,CIRCASIA,ORG SUR,G04,0.3887,0.0
100023,CIÉNAGA,ORG SUR,G04,0.3887,0.0
100023,MARÍA,ORG SUR,G04,0.3887,0.0
100023,REMANSO,ORG SUR,G04,0.3887,0.0
100023,PIEDECUESTA,ORG SUR,G04,0.3887,0.0
100023,NÁUTICA,CESAR,G05,0.3887,10.0
100023,LAS LINAS,LINAS,G04,0.3887,0.0
100023,DON ALÍ,ORG NORTE,G04,0.3887,2.0
100023,DR4 DON ALÍ,ORG NORTE,G04,0.3887,0.0
100023,DON CARLOS,ORG NORTE,G04,0.3887,0.0
100023,EVA NORTE,ORG NORTE,G05,0.3887,2.0
100023,DON PEDRO,ORG NORTE,G04,0.3887,1.0
100023,LA VELA,ORG NORTE,G04,0.3887,1.0
100023,ESPERANZA,ORG NORTE,G04,0.3887,0.0
100023,LINA MARGARITA,PLAT,G04,0.3887,0.0
100023,DON MARCE,PLAT,G04,0.3887,0.0
100007,ENANO,REG SUR,G04,0.3887,0.0
100007,EVA,REG SUR,G04,0.3887,0.0
100007,SAMI,REG SUR,G04,0.3887,0.0
100007,VEGA,REG SUR,G04,0.3887,0.0
100007,FEDERICA,REG SUR,G04,0.3887,0.0
100007,NEERLANDIA,SG,G04,0.3887,0.0
100007,SAN ANTONIO,SG,G04,0.3887,0.0
100007,MRS,REG SUR,G04,0.3887,0.0
100007,DON FUAD,REG SUR,G04,0.3887,0.0
100007,EUFEMIA,EUF,G04,0.3887,0.0
100007,OLGA,EUF,G04,0.3887,0.0
100007,DON SAID,REG SUR,G04,0.3887,0.0
100007,ASUNTINA,REG SUR,G04,0.3887,0.0
100007,PORLAMAR,REG SUR,G05,0.3887,0.0
100007,EL MORRO,REG SUR,G04,0.3887,0.0
100007,LA PERLA,REG SUR,G04,0.3887,0.0
100007,ARACATACA,REG SUR,G05,0.3887,0.0
100007,BOCATOMA,REG SUR,G04,0.3887,0.0
100007,JOYA,REG SUR,G04,0.3887,0.0
100007,ESMERALDA,REG SUR,G04,0.3887,0.0
100007,NARANJOS,REG SUR,G04,0.3887,0.0
100007,YUNQUE,REG SUR,G04,0.3887,0.0
100007,DONAMA,REG SUR,G04,0.3887,0.0
100007,BURDEOS,REG SUR,G04,0.3887,0.0
100007,DON MARCE SUR 2,ORG SUR,G04,0.3887,0.0
100007,LAS MARGARITAS,ORG SUR,G04,0.3887,0.0
100007,LA CECILIA,ORG SUR,G04,0.3887,0.0
100007,JOSEFINA,ORG SUR,G04,0.3887,0.0
100007,SAN ALFREDO,ORG SUR,G04,0.3887,0.0
100007,VICTORIA,ORG SUR,G04,0.3887,0.0
100007,CIRCASIA,ORG SUR,G04,0.3887,0.0
100007,CIÉNAGA,ORG SUR,G04,0.3887,0.0
100007,MARÍA,ORG SUR,G04,0.3887,0.0
100007,REMANSO,ORG SUR,G04,0.3887,0.0
100007,PIEDECUESTA,ORG SUR,G04,0.3887,0.0
100007,NÁUTICA,CESAR,G05,0.3887,0.0
100007,LAS LINAS,LINAS,G04,0.3887,0.0
100007,DON ALÍ,ORG NORTE,G04,0.3887,0.0
100007,DR4 DON ALÍ,ORG NORTE,G04,0.3887,0.0
100007,DON CARLOS,ORG NORTE,G04,0.3887,0.0
100007,EVA NORTE,ORG NORTE,G05,0.3887,0.0
100007,DON PEDRO,ORG NORTE,G04,0.3887,0.0
100007,LA VELA,ORG NORTE,G04,0.3887,0.0
100007,ESPERANZA,ORG NORTE,G04,0.3887,0.0
100007,LINA MARGARITA,PLAT,G04,0.3887,0.0
100007,DON MARCE,PLAT,G04,0.3887,0.0
100008,ENANO,REG SUR,G04,0.3887,1.0
100008,EVA,REG SUR,G04,0.3887,1.0
100008,SAMI,REG SUR,G04,0.3887,1.0
100008,VEGA,CONT03,G04,0.3887,1.0
100008,FEDERICA,REG SUR,G04,0.3887,1.0
100008,NEERLANDIA,SG,G04,0.3887,1.0
100008,SAN ANTONIO,SG,G04,0.3887,1.0
100008,MRS,CONT03,G04,0.3887,1.0
100008,DON FUAD,REG SUR,G04,0.3887,1.0
100008,EUFEMIA,EUF,G04,0.3887,1.0
100008,OLGA,CONT04,G04,0.3887,1.0
100008,DON SAID,REG SUR,G04,0.3887,1.0
100008,ASUNTINA,REG SUR,G04,0.3887,1.0
100008,PORLAMAR,REG SUR,G05,0.3887,1.0
100008,EL MORRO,REG SUR,G04,0.3887,1.0
100008,LA PERLA,REG SUR,G04,0.3887,1.0
100008,ARACATACA,REG SUR,G05,0.3887,1.0
100008,BOCATOMA,REG SUR,G04,0.3887,1.0
100008,JOYA,CONT01,G04,0.3887,1.0
100008,ESMERALDA,CONT01,G04,0.3887,1.0
100008,NARANJOS,CONT01,G04,0.3887,1.0
100008,YUNQUE,CONT01,G04,0.3887,1.0
100008,DONAMA,CONT01,G04,0.3887,1.0
100008,BURDEOS,CONT01,G04,0.3887,1.0
100008,DON MARCE SUR 2,CONT02,G04,0.3887,1.0
100008,LAS MARGARITAS,ORG SUR,G04,0.3887,1.0
100008,LA CECILIA,CONT02,G04,0.3887,1.0
100008,JOSEFINA,ORG SUR,G04,0.3887,1.0
100008,SAN ALFREDO,CONT02,G04,0.3887,1.0
100008,VICTORIA,ORG SUR,G04,0.3887,1.0
100008,CIRCASIA,ORG SUR,G04,0.3887,1.0
100008,CIÉNAGA,CONT02,G04,0.3887,1.0
100008,MARÍA,CONT02,G04,0.3887,1.0
100008,REMANSO,ORG SUR,G04,0.3887,1.0
100008,PIEDECUESTA,ORG SUR,G04,0.3887,1.0
100008,NÁUTICA,CESAR,G05,0.3887,1.0
100008,LAS LINAS,LINAS,G04,0.3887,0.0
100008,DON ALÍ,ORG NORTE,G04,0.3887,0.0
100008,DR4 DON ALÍ,ORG NORTE,G04,0.3887,0.0
100008,DON CARLOS,ORG NORTE,G04,0.3887,0.0
100008,EVA NORTE,ORG NORTE,G05,0.3887,0.0
100008,DON PEDRO,ORG NORTE,G04,0.3887,0.0
100008,LA VELA,ORG NORTE,G04,0.3887,0.0
100008,ESPERANZA,ORG NORTE,G04,0.3887,0.0
100008,LINA MARGARITA,PLAT,G04,0.3887,1.0
100008,DON MARCE,PLAT,G04,0.3887,1.0
100009,ENANO,REG SUR,G04,0.3887,1.0
100009,EVA,REG SUR,G04,0.3887,1.0
100009,SAMI,REG SUR,G04,0.3887,1.0
100009,VEGA,CONT03,G04,0.3887,1.0
100009,FEDERICA,REG SUR,G04,0.3887,1.0
100009,NEERLANDIA,SG,G04,0.3887,1.0
100009,SAN ANTONIO,SG,G04,0.3887,1.0
100009,MRS,CONT03,G04,0.3887,1.0
100009,DON FUAD,REG SUR,G04,0.3887,1.0
100009,EUFEMIA,EUF,G04,0.3887,1.0
100009,OLGA,CONT04,G04,0.3887,1.0
100009,DON SAID,REG SUR,G04,0.3887,1.0
100009,ASUNTINA,REG SUR,G04,0.3887,1.0
100009,PORLAMAR,REG SUR,G05,0.3887,1.0
100009,EL MORRO,REG SUR,G04,0.3887,1.0
100009,LA PERLA,REG SUR,G04,0.3887,1.0
100009,ARACATACA,REG SUR,G05,0.3887,1.0
100009,BOCATOMA,REG SUR,G04,0.3887,1.0
100009,JOYA,CONT01,G04,0.3887,1.0
100009,ESMERALDA,CONT01,G04,0.3887,1.0
100009,NARANJOS,CONT01,G04,0.3887,1.0
100009,YUNQUE,CONT01,G04,0.3887,1.0
100009,DONAMA,CONT01,G04,0.3887,1.0
100009,BURDEOS,CONT01,G04,0.3887,1.0
100009,DON MARCE SUR 2,CONT02,G04,0.3887,1.0
100009,LAS MARGARITAS,ORG SUR,G04,0.3887,1.0
100009,LA CECILIA,CONT02,G04,0.3887,1.0
100009,JOSEFINA,ORG SUR,G04,0.3887,1.0
100009,SAN ALFREDO,CONT02,G04,0.3887,1.0
100009,VICTORIA,ORG SUR,G04,0.3887,1.0
100009,CIRCASIA,ORG SUR,G04,0.3887,1.0
100009,CIÉNAGA,CONT02,G04,0.3887,1.0
100009,MARÍA,CONT02,G04,0.3887,1.0
100009,REMANSO,ORG SUR,G04,0.3887,1.0
100009,PIEDECUESTA,ORG SUR,G04,0.3887,1.0
100009,NÁUTICA,CESAR,G05,0.3887,1.0
100009,LAS LINAS,LINAS,G04,0.3887,0.0
100009,DON ALÍ,ORG NORTE,G04,0.3887,0.0
100009,DR4 DON ALÍ,ORG NORTE,G04,0.3887,0.0
100009,DON CARLOS,ORG NORTE,G04,0.3887,0.0
100009,EVA NORTE,ORG NORTE,G05,0.3887,0.0
100009,DON PEDRO,ORG NORTE,G04,0.3887,0.0
100009,LA VELA,ORG NORTE,G04,0.3887,0.0
100009,ESPERANZA,ORG NORTE,G04,0.3887,0.0
100009,LINA MARGARITA,PLAT,G04,0.3887,1.0
100009,DON MARCE,PLAT,G04,0.3887,1.0
100010,ENANO,REG SUR,G04,0.3887,0.0
100010,EVA,REG SUR,G04,0.3887,0.0
100010,SAMI,REG SUR,G04,0.3887,0.0
100010,VEGA,REG SUR,G04,0.3887,0.0
100010,FEDERICA,REG SUR,G04,0.3887,0.0
100010,NEERLANDIA,SG,G04,0.3887,0.0
100010,SAN ANTONIO,SG,G04,0.3887,0.0
100010,MRS,REG SUR,G04,0.3887,0.0
100010,DON FUAD,REG SUR,G04,0.3887,0.0
100010,EUFEMIA,EUF,G04,0.3887,0.0
100010,OLGA,EUF,G04,0.3887,0.0
100010,DON SAID,REG SUR,G04,0.3887,0.0
100010,ASUNTINA,REG SUR,G04,0.3887,0.0
100010,PORLAMAR,REG SUR,G05,0.3887,0.0
100010,EL MORRO,REG SUR,G04,0.3887,0.0
100010,LA PERLA,REG SUR,G04,0.3887,0.0
100010,ARACATACA,REG SUR,G05,0.3887,0.0
100010,BOCATOMA,REG SUR,G04,0.3887,0.0
100010,JOYA,REG SUR,G04,0.3887,0.0
100010,ESMERALDA,REG SUR,G04,0.3887,0.0
100010,NARANJOS,REG SUR,G04,0.3887,0.0
100010,YUNQUE,REG SUR,G04,0.3887,0.0
100010,DONAMA,REG SUR,G04,0.3887,0.0
100010,BURDEOS,REG SUR,G04,0.3887,0.0
100010,DON MARCE SUR 2,ORG SUR,G04,0.3887,0.0
100010,LAS MARGARITAS,ORG SUR,G04,0.3887,0.0
100010,LA CECILIA,ORG SUR,G04,0.3887,0.0
100010,JOSEFINA,ORG SUR,G04,0.3887,0.0
100010,SAN ALFREDO,ORG SUR,G04,0.3887,0.0
100010,VICTORIA,ORG SUR,G04,0.3887,0.0
100010,CIRCASIA,ORG SUR,G04,0.3887,0.0
100010,CIÉNAGA,ORG SUR,G04,0.3887,0.0
100010,MARÍA,ORG SUR,G04,0.3887,0.0
100010,REMANSO,ORG SUR,G04,0.3887,0.0
100010,PIEDECUESTA,ORG SUR,G04,0.3887,0.0
100010,NÁUTICA,CESAR,G05,0.3887,0.0
100010,LAS LINAS,LINAS,G04,0.3887,1.0
100010,DON ALÍ,ORG NORTE,G04,0.3887,1.0
100010,DR4 DON ALÍ,ORG NORTE,G04,0.3887,1.0
100010,DON CARLOS,CONT02,G04,0.3887,1.0
100010,EVA NORTE,ORG NORTE,G05,0.3887,1.0
100010,DON PEDRO,ORG NORTE,G04,0.3887,1.0
100010,LA VELA,ORG NORTE,G04,0.3887,1.0
100010,ESPERANZA,ORG NORTE,G04,0.3887,1.0
100010,LINA MARGARITA,PLAT,G04,0.3887,0.0
100010,DON MARCE,PLAT,G04,0.3887,0.0
100011,ENANO,REG SUR,G04,0.3887,0.0
100011,EVA,REG SUR,G04,0.3887,0.0
100011,SAMI,REG SUR,G04,0.3887,0.0
100011,VEGA,REG SUR,G04,0.3887,0.0
100011,FEDERICA,REG SUR,G04,0.3887,0.0
100011,NEERLANDIA,SG,G04,0.3887,0.0
100011,SAN ANTONIO,SG,G04,0.3887,0.0
100011,MRS,REG SUR,G04,0.3887,0.0
100011,DON FUAD,REG SUR,G04,0.3887,0.0
100011,EUFEMIA,EUF,G04,0.3887,0.0
100011,OLGA,EUF,G04,0.3887,0.0
100011,DON SAID,REG SUR,G04,0.3887,0.0
100011,ASUNTINA,REG SUR,G04,0.3887,0.0
100011,PORLAMAR,REG SUR,G05,0.3887,0.0
100011,EL MORRO,REG SUR,G04,0.3887,0.0
100011,LA PERLA,REG SUR,G04,0.3887,0.0
100011,ARACATACA,REG SUR,G05,0.3887,0.0
100011,BOCATOMA,REG SUR,G04,0.3887,0.0
100011,JOYA,REG SUR,G04,0.3887,0.0
100011,ESMERALDA,REG SUR,G04,0.3887,0.0
100011,NARANJOS,REG SUR,G04,0.3887,0.0
100011,YUNQUE,REG SUR,G04,0.3887,0.0
100011,DONAMA,REG SUR,G04,0.3887,0.0
100011,BURDEOS,REG SUR,G04,0.3887,0.0
100011,DON MARCE SUR 2,ORG SUR,G04,0.3887,0.0
100011,LAS MARGARITAS,ORG SUR,G04,0.3887,0.0
100011,LA CECILIA,ORG SUR,G04,0.3887,0.0
100011,JOSEFINA,ORG SUR,G04,0.3887,0.0
100011,SAN ALFREDO,ORG SUR,G04,0.3887,0.0
100011,VICTORIA,ORG SUR,G04,0.3887,0.0
100011,CIRCASIA,ORG SUR,G04,0.3887,0.0
100011,CIÉNAGA,ORG SUR,G04,0.3887,0.0
100011,MARÍA,ORG SUR,G04,0.3887,0.0
100011,REMANSO,ORG SUR,G04,0.3887,0.0
100011,PIEDECUESTA,ORG SUR,G04,0.3887,0.0
100011,NÁUTICA,CESAR,G05,0.3887,0.0
100011,LAS LINAS,LINAS,G04,0.3887,1.0
100011,DON ALÍ,ORG NORTE,G04,0.3887,1.0
100011,DR4 DON ALÍ,ORG NORTE,G04,0.3887,1.0
100011,DON CARLOS,CONT02,G04,0.3887,1.0
100011,EVA NORTE,ORG NORTE,G05,0.3887,1.0
100011,DON PEDRO,ORG NORTE,G04,0.3887,1.0
100011,LA VELA,ORG NORTE,G04,0.3887,1.0
100011,ESPERANZA,ORG NORTE,G04,0.3887,1.0
100011,LINA MARGARITA,PLAT,G04,0.3887,1.0
100011,DON MARCE,PLAT,G04,0.3887,1.0
100012,ENANO,REG SUR,G04,0.3887,0.0
100012,EVA,REG SUR,G04,0.3887,0.0
100012,SAMI,REG SUR,G04,0.3887,0.0
100012,VEGA,REG SUR,G04,0.3887,0.0
100012,FEDERICA,REG SUR,G04,0.3887,0.0
100012,NEERLANDIA,SG,G04,0.3887,0.0
100012,SAN ANTONIO,SG,G04,0.3887,0.0
100012,MRS,REG SUR,G04,0.3887,0.0
100012,DON FUAD,REG SUR,G04,0.3887,0.0
100012,EUFEMIA,EUF,G04,0.3887,0.0
100012,OLGA,EUF,G04,0.3887,0.0
100012,DON SAID,REG SUR,G04,0.3887,0.0
100012,ASUNTINA,REG SUR,G04,0.3887,0.0
100012,PORLAMAR,REG SUR,G05,0.3887,0.0
100012,EL MORRO,REG SUR,G04,0.3887,0.0
100012,LA PERLA,REG SUR,G04,0.3887,0.0
100012,ARACATACA,REG SUR,G05,0.3887,0.0
100012,BOCATOMA,REG SUR,G04,0.3887,0.0
100012,JOYA,REG SUR,G04,0.3887,0.0
100012,ESMERALDA,REG SUR,G04,0.3887,0.0
100012,NARANJOS,REG SUR,G04,0.3887,0.0
100012,YUNQUE,REG SUR,G04,0.3887,0.0
100012,DONAMA,REG SUR,G04,0.3887,0.0
100012,BURDEOS,REG SUR,G04,0.3887,0.0
100012,DON MARCE SUR 2,ORG SUR,G04,0.3887,1.0
100012,LAS MARGARITAS,ORG SUR,G04,0.3887,1.0
100012,LA CECILIA,ORG SUR,G04,0.3887,1.0
100012,JOSEFINA,ORG SUR,G04,0.3887,1.0
100012,SAN ALFREDO,ORG SUR,G04,0.3887,1.0
100012,VICTORIA,ORG SUR,G04,0.3887,1.0
100012,CIRCASIA,ORG SUR,G04,0.3887,1.0
100012,CIÉNAGA,ORG SUR,G04,0.3887,1.0
100012,MARÍA,ORG SUR,G04,0.3887,1.0
100012,REMANSO,ORG SUR,G04,0.3887,1.0
100012,PIEDECUESTA,ORG SUR,G04,0.3887,1.0
100012,NÁUTICA,CESAR,G05,0.3887,1.0
100012,LAS LINAS,LINAS,G04,0.3887,1.0
100012,DON ALÍ,ORG NORTE,G04,0.3887,1.0
100012,DR4 DON ALÍ,ORG NORTE,G04,0.3887,1.0
100012,DON CARLOS,CONT02,G04,0.3887,1.0
100012,EVA NORTE,ORG NORTE,G05,0.3887,1.0
100012,DON PEDRO,ORG NORTE,G04,0.3887,1.0
100012,LA VELA,ORG NORTE,G04,0.3887,1.0
100012,ESPERANZA,ORG NORTE,G04,0.3887,1.0
100012,LINA MARGARITA,PLAT,G04,0.3887,1.0
100012,DON MARCE,PLAT,G04,0.3887,1.0
100013,ENANO,REG SUR,G04,0.3887,1.0
100013,EVA,REG SUR,G04,0.3887,1.0
100013,SAMI,REG SUR,G04,0.3887,1.0
100013,VEGA,REG SUR,G04,0.3887,1.0
100013,FEDERICA,REG SUR,G04,0.3887,1.0
100013,NEERLANDIA,SG,G04,0.3887,1.0
100013,SAN ANTONIO,SG,G04,0.3887,1.0
100013,MRS,REG SUR,G04,0.3887,1.0
100013,DON FUAD,REG SUR,G04,0.3887,1.0
100013,EUFEMIA,EUF,G04,0.3887,0.0
100013,OLGA,EUF,G04,0.3887,0.0
100013,DON SAID,REG SUR,G04,0.3887,0.0
100013,ASUNTINA,REG SUR,G04,0.3887,0.0
100013,PORLAMAR,REG SUR,G05,0.3887,0.0
100013,EL MORRO,REG SUR,G04,0.3887,0.0
100013,LA PERLA,REG SUR,G04,0.3887,0.0
100013,ARACATACA,REG SUR,G05,0.3887,0.0
100013,BOCATOMA,REG SUR,G04,0.3887,0.0
100013,JOYA,REG SUR,G04,0.3887,0.0
100013,ESMERALDA,REG SUR,G04,0.3887,0.0
100013,NARANJOS,REG SUR,G04,0.3887,0.0
100013,YUNQUE,REG SUR,G04,0.3887,0.0
100013,DONAMA,REG SUR,G04,0.3887,0.0
100013,BURDEOS,REG SUR,G04,0.3887,0.0
100013,DON MARCE SUR 2,ORG SUR,G04,0.3887,0.0
100013,LAS MARGARITAS,ORG SUR,G04,0.3887,0.0
100013,LA CECILIA,ORG SUR,G04,0.3887,0.0
100013,JOSEFINA,ORG SUR,G04,0.3887,0.0
100013,SAN ALFREDO,ORG SUR,G04,0.3887,0.0
100013,VICTORIA,ORG SUR,G04,0.3887,0.0
100013,CIRCASIA,ORG SUR,G04,0.3887,0.0
100013,CIÉNAGA,ORG SUR,G04,0.3887,0.0
100013,MARÍA,ORG SUR,G04,0.3887,0.0
100013,REMANSO,ORG SUR,G04,0.3887,0.0
100013,PIEDECUESTA,ORG SUR,G04,0.3887,0.0
100013,NÁUTICA,CESAR,G05,0.3887,0.0
100013,LAS LINAS,LINAS,G04,0.3887,1.0
100013,DON ALÍ,ORG NORTE,G04,0.3887,1.0
100013,DR4 DON ALÍ,ORG NORTE,G04,0.3887,1.0
100013,DON CARLOS,ORG NORTE,G04,0.3887,1.0
100013,EVA NORTE,ORG NORTE,G05,0.3887,1.0
100013,DON PEDRO,ORG NORTE,G04,0.3887,1.0
100013,LA VELA,ORG NORTE,G04,0.3887,1.0
100013,ESPERANZA,ORG NORTE,G04,0.3887,1.0
100013,LINA MARGARITA,PLAT,G04,0.3887,1.0
100013,DON MARCE,PLAT,G04,0.3887,1.0
100014,ENANO,REG SUR,G04,0.3887,0.0
100014,EVA,REG SUR,G04,0.3887,0.0
100014,SAMI,REG SUR,G04,0.3887,0.0
100014,VEGA,REG SUR,G04,0.3887,0.0
100014,FEDERICA,REG SUR,G04,0.3887,0.0
100014,NEERLANDIA,SG,G04,0.3887,0.0
100014,SAN ANTONIO,SG,G04,0.3887,0.0
100014,MRS,REG SUR,G04,0.3887,0.0
100014,DON FUAD,REG SUR,G04,0.3887,0.0
100014,EUFEMIA,EUF,G04,0.3887,0.0
100014,OLGA,EUF,G04,0.3887,0.0
100014,DON SAID,REG SUR,G04,0.3887,0.0
100014,ASUNTINA,REG SUR,G04,0.3887,0.0
100014,PORLAMAR,REG SUR,G05,0.3887,0.0
100014,EL MORRO,REG SUR,G04,0.3887,0.0
100014,LA PERLA,REG SUR,G04,0.3887,0.0
100014,ARACATACA,REG SUR,G05,0.3887,0.0
100014,BOCATOMA,REG SUR,G04,0.3887,0.0
100014,JOYA,REG SUR,G04,0.3887,0.0
100014,ESMERALDA,REG SUR,G04,0.3887,0.0
100014,NARANJOS,REG SUR,G04,0.3887,0.0
100014,YUNQUE,REG SUR,G04,0.3887,0.0
100014,DONAMA,REG SUR,G04,0.3887,0.0
100014,BURDEOS,REG SUR,G04,0.3887,0.0
100014,DON MARCE SUR 2,ORG SUR,G04,0.3887,0.0
100014,LAS MARGARITAS,ORG SUR,G04,0.3887,0.0
100014,LA CECILIA,ORG SUR,G04,0.3887,0.0
100014,JOSEFINA,ORG SUR,G04,0.3887,0.0
100014,SAN ALFREDO,ORG SUR,G04,0.3887,0.0
100014,VICTORIA,ORG SUR,G04,0.3887,0.0
100014,CIRCASIA,ORG SUR,G04,0.3887,0.0
100014,CIÉNAGA,ORG SUR,G04,0.3887,0.0
100014,MARÍA,ORG SUR,G04,0.3887,0.0
100014,REMANSO,ORG SUR,G04,0.3887,0.0
100014,PIEDECUESTA,ORG SUR,G04,0.3887,0.0
100014,NÁUTICA,CESAR,G05,0.3887,0.0
100014,LAS LINAS,LINAS,G04,0.3887,1.0
100014,DON ALÍ,ORG NORTE,G04,0.3887,1.0
100014,DR4 DON ALÍ,ORG NORTE,G04,0.3887,1.0
100014,DON CARLOS,ORG NORTE,G04,0.3887,1.0
100014,EVA NORTE,ORG NORTE,G05,0.3887,1.0
100014,DON PEDRO,ORG NORTE,G04,0.3887,1.0
100014,LA VELA,ORG NORTE,G04,0.3887,1.0
100014,ESPERANZA,ORG NORTE,G04,0.3887,1.0
100014,LINA MARGARITA,PLAT,G04,0.3887,1.0
100014,DON MARCE,PLAT,G04,0.3887,1.0
100015,ENANO,REG SUR,G04,0.3887,0.0
100015,EVA,REG SUR,G04,0.3887,0.0
100015,SAMI,REG SUR,G04,0.3887,0.0
100015,VEGA,REG SUR,G04,0.3887,0.0
100015,FEDERICA,REG SUR,G04,0.3887,0.0
100015,NEERLANDIA,SG,G04,0.3887,0.0
100015,SAN ANTONIO,SG,G04,0.3887,0.0
100015,MRS,REG SUR,G04,0.3887,0.0
100015,DON FUAD,REG SUR,G04,0.3887,0.0
100015,EUFEMIA,EUF,G04,0.3887,0.0
100015,OLGA,EUF,G04,0.3887,0.0
100015,DON SAID,REG SUR,G04,0.3887,0.0
100015,ASUNTINA,REG SUR,G04,0.3887,0.0
100015,PORLAMAR,REG SUR,G05,0.3887,0.0
100015,EL MORRO,REG SUR,G04,0.3887,0.0
100015,LA PERLA,REG SUR,G04,0.3887,0.0
100015,ARACATACA,REG SUR,G05,0.3887,0.0
100015,BOCATOMA,REG SUR,G04,0.3887,0.0
100015,JOYA,REG SUR,G04,0.3887,0.0
100015,ESMERALDA,REG SUR,G04,0.3887,0.0
100015,NARANJOS,REG SUR,G04,0.3887,0.0
100015,YUNQUE,REG SUR,G04,0.3887,0.0
100015,DONAMA,REG SUR,G04,0.3887,0.0
100015,BURDEOS,REG SUR,G04,0.3887,0.0
100015,DON MARCE SUR 2,ORG SUR,G04,0.3887,0.0
100015,LAS MARGARITAS,ORG SUR,G04,0.3887,0.0
100015,LA CECILIA,ORG SUR,G04,0.3887,0.0
100015,JOSEFINA,ORG SUR,G04,0.3887,0.0
100015,SAN ALFREDO,ORG SUR,G04,0.3887,0.0
100015,VICTORIA,ORG SUR,G04,0.3887,0.0
100015,CIRCASIA,ORG SUR,G04,0.3887,0.0
100015,CIÉNAGA,ORG SUR,G04,0.3887,0.0
100015,MARÍA,ORG SUR,G04,0.3887,0.0
100015,REMANSO,ORG SUR,G04,0.3887,0.0
100015,PIEDECUESTA,ORG SUR,G04,0.3887,0.0
100015,NÁUTICA,CESAR,G05,0.3887,0.0
100015,LAS LINAS,LINAS,G04,0.3887,0.0
100015,DON ALÍ,ORG NORTE,G04,0.3887,1.0
100015,DR4 DON ALÍ,ORG NORTE,G04,0.3887,0.55
100015,DON CARLOS,ORG NORTE,G04,0.3887,1.0
100015,EVA NORTE,ORG NORTE,G05,0.3887,1.0
100015,DON PEDRO,ORG NORTE,G04,0.3887,1.0
100015,LA VELA,ORG NORTE,G04,0.3887,1.0
100015,ESPERANZA,ORG NORTE,G04,0.3887,1.0
100015,LINA MARGARITA,PLAT,G04,0.3887,1.0
100015,DON MARCE,PLAT,G04,0.3887,1.0
100016,ENANO,REG SUR,G04,0.3887,0.0
100016,EVA,REG SUR,G04,0.3887,0.0
100016,SAMI,REG SUR,G04,0.3887,0.0
100016,VEGA,REG SUR,G04,0.3887,0.0
100016,FEDERICA,REG SUR,G04,0.3887,0.0
100016,NEERLANDIA,SG,G04,0.3887,0.0
100016,SAN ANTONIO,SG,G04,0.3887,0.0
100016,MRS,REG SUR,G04,0.3887,0.0
100016,DON FUAD,REG SUR,G04,0.3887,0.0
100016,EUFEMIA,EUF,G04,0.3887,0.0
100016,OLGA,EUF,G04,0.3887,0.0
100016,DON SAID,REG SUR,G04,0.3887,0.0
100016,ASUNTINA,REG SUR,G04,0.3887,0.0
100016,PORLAMAR,REG SUR,G05,0.3887,0.0
100016,EL MORRO,REG SUR,G04,0.3887,0.0
100016,LA PERLA,REG SUR,G04,0.3887,0.0
100016,ARACATACA,REG SUR,G05,0.3887,0.0
100016,BOCATOMA,REG SUR,G04,0.3887,0.0
100016,JOYA,REG SUR,G04,0.3887,0.0
100016,ESMERALDA,REG SUR,G04,0.3887,0.0
100016,NARANJOS,REG SUR,G04,0.3887,0.0
100016,YUNQUE,REG SUR,G04,0.3887,0.0
100016,DONAMA,REG SUR,G04,0.3887,0.0
100016,BURDEOS,REG SUR,G04,0.3887,0.0
100016,DON MARCE SUR 2,ORG SUR,G04,0.3887,0.0
100016,LAS MARGARITAS,ORG SUR,G04,0.3887,0.0
100016,LA CECILIA,ORG SUR,G04,0.3887,0.0
100016,JOSEFINA,ORG SUR,G04,0.3887,0.0
100016,SAN ALFREDO,ORG SUR,G04,0.3887,0.0
100016,VICTORIA,ORG SUR,G04,0.3887,0.0
100016,CIRCASIA,ORG SUR,G04,0.3887,0.0
100016,CIÉNAGA,ORG SUR,G04,0.3887,0.0
100016,MARÍA,ORG SUR,G04,0.3887,0.0
100016,REMANSO,ORG SUR,G04,0.3887,0.0
100016,PIEDECUESTA,ORG SUR,G04,0.3887,0.0
100016,NÁUTICA,CESAR,G05,0.3887,0.0
100016,LAS LINAS,LINAS,G04,0.3887,1.0
100016,DON ALÍ,ORG NORTE,G04,0.3887,1.0
100016,DR4 DON ALÍ,ORG NORTE,G04,0.3887,1.0
100016,DON CARLOS,ORG NORTE,G04,0.3887,1.0
100016,EVA NORTE,ORG NORTE,G05,0.3887,1.0
100016,DON PEDRO,ORG NORTE,G04,0.3887,1.0
100016,LA VELA,ORG NORTE,G04,0.3887,1.0
100016,ESPERANZA,ORG NORTE,G04,0.3887,1.0
100016,LINA MARGARITA,PLAT,G04,0.3887,1.0
100016,DON MARCE,PLAT,G04,0.3887,1.0
100017,ENANO,REG SUR,G04,0.3887,0.0
100017,EVA,REG SUR,G04,0.3887,0.0
100017,SAMI,REG SUR,G04,0.3887,0.0
100017,VEGA,REG SUR,G04,0.3887,0.0
100017,FEDERICA,REG SUR,G04,0.3887,0.0
100017,NEERLANDIA,SG,G04,0.3887,0.0
100017,SAN ANTONIO,SG,G04,0.3887,0.0
100017,MRS,REG SUR,G04,0.3887,0.0
100017,DON FUAD,REG SUR,G04,0.3887,0.0
100017,EUFEMIA,EUF,G04,0.3887,0.0
100017,OLGA,EUF,G04,0.3887,0.0
100017,DON SAID,REG SUR,G04,0.3887,0.0
100017,ASUNTINA,REG SUR,G04,0.3887,0.0
100017,PORLAMAR,REG SUR,G05,0.3887,0.0
100017,EL MORRO,REG SUR,G04,0.3887,0.0
100017,LA PERLA,REG SUR,G04,0.3887,0.0
100017,ARACATACA,REG SUR,G05,0.3887,0.0
100017,BOCATOMA,REG SUR,G04,0.3887,0.0
100017,JOYA,REG SUR,G04,0.3887,0.0
100017,ESMERALDA,REG SUR,G04,0.3887,0.0
100017,NARANJOS,REG SUR,G04,0.3887,0.0
100017,YUNQUE,REG SUR,G04,0.3887,0.0
100017,DONAMA,REG SUR,G04,0.3887,0.0
100017,BURDEOS,REG SUR,G04,0.3887,0.0
100017,DON MARCE SUR 2,ORG SUR,G04,0.3887,0.0
100017,LAS MARGARITAS,ORG SUR,G04,0.3887,0.0
100017,LA CECILIA,ORG SUR,G04,0.3887,0.0
100017,JOSEFINA,ORG SUR,G04,0.3887,0.0
100017,SAN ALFREDO,ORG SUR,G04,0.3887,0.0
100017,VICTORIA,ORG SUR,G04,0.3887,0.0
100017,CIRCASIA,ORG SUR,G04,0.3887,0.0
100017,CIÉNAGA,ORG SUR,G04,0.3887,0.0
100017,MARÍA,ORG SUR,G04,0.3887,0.0
100017,REMANSO,ORG SUR,G04,0.3887,0.0
100017,PIEDECUESTA,ORG SUR,G04,0.3887,0.0
100017,NÁUTICA,CESAR,G05,0.3887,0.0
100017,LAS LINAS,LINAS,G04,0.3887,1.0
100017,DON ALÍ,ORG NORTE,G04,0.3887,1.0
100017,DR4 DON ALÍ,ORG NORTE,G04,0.3887,1.0
100017,DON CARLOS,ORG NORTE,G04,0.3887,1.0
100017,EVA NORTE,ORG NORTE,G05,0.3887,1.0
100017,DON PEDRO,ORG NORTE,G04,0.3887,1.0
100017,LA VELA,ORG NORTE,G04,0.3887,1.0
100017,ESPERANZA,ORG NORTE,G04,0.3887,1.0
100017,LINA MARGARITA,PLAT,G04,0.3887,1.0
100017,DON MARCE,PLAT,G04,0.3887,1.0
100018,ENANO,REG SUR,G04,0.3887,0.0
100018,EVA,REG SUR,G04,0.3887,0.0
100018,SAMI,REG SUR,G04,0.3887,0.0
100018,VEGA,REG SUR,G04,0.3887,0.0
100018,FEDERICA,REG SUR,G04,0.3887,0.0
100018,NEERLANDIA,SG,G04,0.3887,0.0
100018,SAN ANTONIO,SG,G04,0.3887,0.0
100018,MRS,REG SUR,G04,0.3887,0.0
100018,DON FUAD,REG SUR,G04,0.3887,0.0
100018,EUFEMIA,EUF,G04,0.3887,0.0
100018,OLGA,EUF,G04,0.3887,0.0
100018,DON SAID,REG SUR,G04,0.3887,0.0
100018,ASUNTINA,REG SUR,G04,0.3887,0.0
100018,PORLAMAR,REG SUR,G05,0.3887,0.0
100018,EL MORRO,REG SUR,G04,0.3887,0.0
100018,LA PERLA,REG SUR,G04,0.3887,0.0
100018,ARACATACA,REG SUR,G05,0.3887,0.0
100018,BOCATOMA,REG SUR,G04,0.3887,0.0
100018,JOYA,REG SUR,G04,0.3887,0.0
100018,ESMERALDA,REG SUR,G04,0.3887,0.0
100018,NARANJOS,REG SUR,G04,0.3887,0.0
100018,YUNQUE,REG SUR,G04,0.3887,0.0
100018,DONAMA,REG SUR,G04,0.3887,0.0
100018,BURDEOS,REG SUR,G04,0.3887,0.0
100018,DON MARCE SUR 2,ORG SUR,G04,0.3887,0.0
100018,LAS MARGARITAS,ORG SUR,G04,0.3887,0.0
100018,LA CECILIA,ORG SUR,G04,0.3887,0.0
100018,JOSEFINA,ORG SUR,G04,0.3887,0.0
100018,SAN ALFREDO,ORG SUR,G04,0.3887,0.0
100018,VICTORIA,ORG SUR,G04,0.3887,0.0
100018,CIRCASIA,ORG SUR,G04,0.3887,0.0
100018,CIÉNAGA,ORG SUR,G04,0.3887,0.0
100018,MARÍA,ORG SUR,G04,0.3887,0.0
100018,REMANSO,ORG SUR,G04,0.3887,0.0
100018,PIEDECUESTA,ORG SUR,G04,0.3887,0.0
100018,NÁUTICA,CESAR,G05,0.3887,0.0
100018,LAS LINAS,LINAS,G04,0.3887,1.0
100018,DON ALÍ,ORG NORTE,G04,0.3887,1.0
100018,DR4 DON ALÍ,ORG NORTE,G04,0.3887,1.0
100018,DON CARLOS,ORG NORTE,G04,0.3887,1.0
100018,EVA NORTE,ORG NORTE,G05,0.3887,1.0
100018,DON PEDRO,ORG NORTE,G04,0.3887,1.0
100018,LA VELA,ORG NORTE,G04,0.3887,1.0
100018,ESPERANZA,ORG NORTE,G04,0.3887,1.0
100018,LINA MARGARITA,PLAT,G04,0.3887,1.0
100018,DON MARCE,PLAT,G04,0.3887,1.0
100019,ENANO,REG SUR,G04,0.3887,0.07857142857142857
100019,EVA,REG SUR,G04,0.3887,0.07857142857142857
100019,SAMI,REG SUR,G04,0.3887,0.07857142857142857
100019,VEGA,REG SUR,G04,0.3887,0.07857142857142857
100019,FEDERICA,REG SUR,G04,0.3887,0.07857142857142857
100019,NEERLANDIA,SG,G04,0.3887,0.07857142857142857
100019,SAN ANTONIO,SG,G04,0.3887,0.07857142857142857
100019,MRS,REG SUR,G04,0.3887,0.07857142857142857
100019,DON FUAD,REG SUR,G04,0.3887,0.07857142857142857
100019,EUFEMIA,EUF,G04,0.3887,1.0
100019,OLGA,EUF,G04,0.3887,1.0
100019,DON SAID,REG SUR,G04,0.3887,0.07857142857142857
100019,ASUNTINA,REG SUR,G04,0.3887,0.07857142857142857
100019,PORLAMAR,REG SUR,G05,0.3887,0.07857142857142857
100019,EL MORRO,REG SUR,G04,0.3887,0.07857142857142857
100019,LA PERLA,REG SUR,G04,0.3887,0.07857142857142857
100019,ARACATACA,REG SUR,G05,0.3887,0.07857142857142857
100019,BOCATOMA,REG SUR,G04,0.3887,0.07857142857142857
100019,JOYA,REG SUR,G04,0.3887,0.07857142857142857
100019,ESMERALDA,REG SUR,G04,0.3887,0.07857142857142857
100019,NARANJOS,REG SUR,G04,0.3887,0.07857142857142857
100019,YUNQUE,REG SUR,G04,0.3887,0.07857142857142857
100019,DONAMA,REG SUR,G04,0.3887,0.07857142857142857
100019,BURDEOS,REG SUR,G04,0.3887,0.07857142857142857
100019,DON MARCE SUR 2,ORG SUR,G04,0.3887,0.07857142857142857
100019,LAS MARGARITAS,ORG SUR,G04,0.3887,0.07857142857142857
100019,LA CECILIA,ORG SUR,G04,0.3887,0.07857142857142857
100019,JOSEFINA,ORG SUR,G04,0.3887,0.07857142857142857
100019,SAN ALFREDO,ORG SUR,G04,0.3887,0.07857142857142857
100019,VICTORIA,ORG SUR,G04,0.3887,0.07857142857142857
100019,CIRCASIA,ORG SUR,G04,0.3887,0.07857142857142857
100019,CIÉNAGA,ORG SUR,G04,0.3887,0.07857142857142857
100019,MARÍA,ORG SUR,G04,0.3887,0.07857142857142857
100019,REMANSO,ORG SUR,G04,0.3887,0.07857142857142857
100019,PIEDECUESTA,ORG SUR,G04,0.3887,0.07857142857142857
100019,NÁUTICA,CESAR,G05,0.3887,0.07857142857142857
100019,LAS LINAS,LINAS,G04,0.3887,0.07857142857142857
100019,DON ALÍ,ORG NORTE,G04,0.3887,0.07857142857142857
100019,DR4 DON ALÍ,ORG NORTE,G04,0.3887,0.07857142857142857
100019,DON CARLOS,ORG NORTE,G04,0.3887,0.07857142857142857
100019,EVA NORTE,ORG NORTE,G05,0.3887,0.07857142857142857
100019,DON PEDRO,ORG NORTE,G04,0.3887,0.07857142857142857
100019,LA VELA,ORG NORTE,G04,0.3887,0.07857142857142857
100019,ESPERANZA,ORG NORTE,G04,0.3887,0.07857142857142857
100019,LINA MARGARITA,PLAT,G04,0.3887,0.07857142857142857
100019,DON MARCE,PLAT,G04,0.3887,0.07857142857142857
100020,ENANO,REG SUR,G04,0.3887,0.0
100020,EVA,REG SUR,G04,0.3887,0.0
100020,SAMI,REG SUR,G04,0.3887,0.0
100020,VEGA,REG SUR,G04,0.3887,0.0
100020,FEDERICA,REG SUR,G04,0.3887,0.0
100020,NEERLANDIA,SG,G04,0.3887,0.0
100020,SAN ANTONIO,SG,G04,0.3887,0.0
100020,MRS,REG SUR,G04,0.3887,0.0
100020,DON FUAD,REG SUR,G04,0.3887,0.0
100020,EUFEMIA,EUF,G04,0.3887,0.0
100020,OLGA,EUF,G04,0.3887,0.0
100020,DON SAID,REG SUR,G04,0.3887,0.0
100020,ASUNTINA,REG SUR,G04,0.3887,0.0
100020,PORLAMAR,REG SUR,G05,0.3887,0.0
100020,EL MORRO,REG SUR,G04,0.3887,0.0
100020,LA PERLA,REG SUR,G04,0.3887,0.0
100020,ARACATACA,REG SUR,G05,0.3887,0.0
100020,BOCATOMA,REG SUR,G04,0.3887,0.0
100020,JOYA,REG SUR,G04,0.3887,0.0
100020,ESMERALDA,REG SUR,G04,0.3887,0.0
100020,NARANJOS,REG SUR,G04,0.3887,0.0
100020,YUNQUE,REG SUR,G04,0.3887,0.0
100020,DONAMA,REG SUR,G04,0.3887,0.0
100020,BURDEOS,REG SUR,G04,0.3887,0.0
100020,DON MARCE SUR 2,ORG SUR,G04,0.3887,0.0
100020,LAS MARGARITAS,ORG SUR,G04,0.3887,0.0
100020,LA CECILIA,ORG SUR,G04,0.3887,0.0
100020,JOSEFINA,ORG SUR,G04,0.3887,0.0
100020,SAN ALFREDO,ORG SUR,G04,0.3887,0.0
100020,VICTORIA,ORG SUR,G04,0.3887,0.0
100020,CIRCASIA,ORG SUR,G04,0.3887,0.0
100020,CIÉNAGA,ORG SUR,G04,0.3887,0.0
100020,MARÍA,ORG SUR,G04,0.3887,0.0
100020,REMANSO,ORG SUR,G04,0.3887,0.0
100020,PIEDECUESTA,ORG SUR,G04,0.3887,0.0
100020,NÁUTICA,CESAR,G05,0.3887,0.0
100020,LAS LINAS,LINAS,G04,0.3887,341.25
100020,DON ALÍ,ORG NORTE,G04,0.3887,234.0
100020,DR4 DON ALÍ,ORG NORTE,G04,0.3887,9.75
100020,DON CARLOS,ORG NORTE,G04,0.3887,87.75
100020,EVA NORTE,ORG NORTE,G05,0.3887,468.0
100020,DON PEDRO,ORG NORTE,G04,0.3887,156.0
100020,LA VELA,ORG NORTE,G04,0.3887,117.0
100020,ESPERANZA,ORG NORTE,G04,0.3887,0.0
100020,LINA MARGARITA,PLAT,G04,0.3887,0.0
100020,DON MARCE,PLAT,G04,0.3887,0.0
100021,ENANO,REG SUR,G04,0.3887,0.0
100021,EVA,REG SUR,G04,0.3887,0.0
100021,SAMI,REG SUR,G04,0.3887,0.0
100021,VEGA,REG SUR,G04,0.3887,0.0
100021,FEDERICA,REG SUR,G04,0.3887,0.0
100021,NEERLANDIA,SG,G04,0.3887,1.0
100021,SAN ANTONIO,SG,G04,0.3887,1.0
100021,MRS,REG SUR,G04,0.3887,0.0
100021,DON FUAD,REG SUR,G04,0.3887,0.0
100021,EUFEMIA,EUF,G04,0.3887,1.0
100021,OLGA,EUF,G04,0.3887,1.0
100021,DON SAID,REG SUR,G04,0.3887,0.0
100021,ASUNTINA,REG SUR,G04,0.3887,0.0
100021,PORLAMAR,REG SUR,G05,0.3887,0.0
100021,EL MORRO,REG SUR,G04,0.3887,0.0
100021,LA PERLA,REG SUR,G04,0.3887,0.0
100021,ARACATACA,REG SUR,G05,0.3887,0.0
100021,BOCATOMA,REG SUR,G04,0.3887,0.0
100021,JOYA,REG SUR,G04,0.3887,0.0
100021,ESMERALDA,REG SUR,G04,0.3887,0.0
100021,NARANJOS,REG SUR,G04,0.3887,0.0
100021,YUNQUE,REG SUR,G04,0.3887,0.0
100021,DONAMA,REG SUR,G04,0.3887,0.0
100021,BURDEOS,REG SUR,G04,0.3887,0.0
100021,DON MARCE SUR 2,ORG SUR,G04,0.3887,0.0
100021,LAS MARGARITAS,ORG SUR,G04,0.3887,0.0
100021,LA CECILIA,ORG SUR,G04,0.3887,0.0
100021,JOSEFINA,ORG SUR,G04,0.3887,0.0
100021,SAN ALFREDO,ORG SUR,G04,0.3887,0.0
100021,VICTORIA,ORG SUR,G04,0.3887,0.0
100021,CIRCASIA,ORG SUR,G04,0.3887,0.0
100021,CIÉNAGA,ORG SUR,G04,0.3887,0.0
100021,MARÍA,ORG SUR,G04,0.3887,0.0
100021,REMANSO,ORG SUR,G04,0.3887,0.0
100021,PIEDECUESTA,ORG SUR,G04,0.3887,0.0
100021,NÁUTICA,CESAR,G05,0.3887,0.0
100021,LAS LINAS,LINAS,G04,0.3887,0.0
100021,DON ALÍ,ORG NORTE,G04,0.3887,0.0
100021,DR4 DON ALÍ,ORG NORTE,G04,0.3887,0.0
100021,DON CARLOS,ORG NORTE,G04,0.3887,0.0
100021,EVA NORTE,ORG NORTE,G05,0.3887,0.0
100021,DON PEDRO,ORG NORTE,G04,0.3887,0.0
100021,LA VELA,ORG NORTE,G04,0.3887,0.0
100021,ESPERANZA,ORG NORTE,G04,0.3887,0.0
100021,LINA MARGARITA,PLAT,G04,0.3887,0.0
100021,DON MARCE,PLAT,G04,0.3887,0.0
100022,ENANO,REG SUR,G04,0.3887,0.0
100022,EVA,REG SUR,G04,0.3887,0.0
100022,SAMI,REG SUR,G04,0.3887,0.0
100022,VEGA,REG SUR,G04,0.3887,0.0
100022,FEDERICA,REG SUR,G04,0.3887,0.0
100022,NEERLANDIA,SG,G04,0.3887,0.0
100022,SAN ANTONIO,SG,G04,0.3887,0.0
100022,MRS,REG SUR,G04,0.3887,0.0
100022,DON FUAD,REG SUR,G04,0.3887,0.0
100022,EUFEMIA,EUF,G04,0.3887,0.0
100022,OLGA,EUF,G04,0.3887,0.0
100022,DON SAID,REG SUR,G04,0.3887,0.0
100022,ASUNTINA,REG SUR,G04,0.3887,0.0
100022,PORLAMAR,REG SUR,G05,0.3887,0.0
100022,EL MORRO,REG SUR,G04,0.3887,0.0
100022,LA PERLA,REG SUR,G04,0.3887,0.0
100022,ARACATACA,REG SUR,G05,0.3887,0.0
100022,BOCATOMA,REG SUR,G04,0.3887,0.0
100022,JOYA,REG SUR,G04,0.3887,0.0
100022,ESMERALDA,REG SUR,G04,0.3887,0.0
100022,NARANJOS,REG SUR,G04,0.3887,0.0
100022,YUNQUE,REG SUR,G04,0.3887,0.0
100022,DONAMA,REG SUR,G04,0.3887,0.0
100022,BURDEOS,REG SUR,G04,0.3887,0.0
100022,DON MARCE SUR 2,ORG SUR,G04,0.3887,0.0
100022,LAS MARGARITAS,ORG SUR,G04,0.3887,0.0
100022,LA CECILIA,ORG SUR,G04,0.3887,0.0
100022,JOSEFINA,ORG SUR,G04,0.3887,0.0
100022,SAN ALFREDO,ORG SUR,G04,0.3887,0.0
100022,VICTORIA,ORG SUR,G04,0.3887,0.0
100022,CIRCASIA,ORG SUR,G04,0.3887,0.0
100022,CIÉNAGA,ORG SUR,G04,0.3887,0.0
100022,MARÍA,ORG SUR,G04,0.3887,0.0
100022,REMANSO,ORG SUR,G04,0.3887,0.0
100022,PIEDECUESTA,ORG SUR,G04,0.3887,0.0
100022,NÁUTICA,CESAR,G05,0.3887,0.0
100022,LAS LINAS,LINAS,G04,0.3887,0.0
100022,DON ALÍ,ORG NORTE,G04,0.3887,0.0
100022,DR4 DON ALÍ,ORG NORTE,G04,0.3887,0.0
100022,DON CARLOS,ORG NORTE,G04,0.3887,0.0
100022,EVA NORTE,ORG NORTE,G05,0.3887,0.0
100022,DON PEDRO,ORG NORTE,G04,0.3887,0.0
100022,LA VELA,ORG NORTE,G04,0.3887,0.0
100022,ESPERANZA,ORG NORTE,G04,0.3887,0.0
100022,LINA MARGARITA,PLAT,G04,0.3887,0.0
100022,DON MARCE,PLAT,G04,0.3887,0.0
