ID;FINCA;GRUPO;LABOR;MAESTRA;TARIFA;REF;PROMEDIADO;PRESTACIONES;FACTOR
100001;ENANO;COSECHA;CAJA INTEGRAL CAMPO;REG SUR;820;CAJA;G04;0.3887;1
100001;EVA;COSECHA;CAJA INTEGRAL CAMPO;REG SUR;820;CAJA;G04;0.3887;1
100001;SAMI;COSECHA;CAJA INTEGRAL CAMPO;REG SUR;820;CAJA;G04;0.3887;1
100001;VEGA;COSECHA;CAJA INTEGRAL CAMPO;REG SUR;820;CAJA;G04;0.3887;1
100001;FEDERICA;COSECHA;CAJA INTEGRAL CAMPO;REG SUR;820;CAJA;G04;0.3887;1
100001;NEERLANDIA;COSECHA;CAJA INTEGRAL CAMPO;SG;820;CAJA;G04;0.3887;1
100001;SAN ANTONIO;COSECHA;CAJA INTEGRAL CAMPO;SG;820;CAJA;G04;0.3887;1
100001;MRS;COSECHA;CAJA INTEGRAL CAMPO;REG SUR;820;CAJA;G04;0.3887;1
100001;DON FUAD;COSECHA;CAJA INTEGRAL CAMPO;REG SUR;820;CAJA;G04;0.3887;1
100001;EUFEMIA;COSECHA;CAJA INTEGRAL CAMPO;EUF;820;CAJA;G04;0.3887;1
100001;OLGA;COSECHA;CAJA INTEGRAL CAMPO;EUF;820;CAJA;G04;0.3887;1
100001;DON SAID;COSECHA;CAJA INTEGRAL CAMPO;REG SUR;820;CAJA;G04;0.3887;1
100001;ASUNTINA;COSECHA;CAJA INTEGRAL CAMPO;CONT02;900;CAJA;G04;0.3887;1
100001;PORLAMAR;COSECHA;CAJA INTEGRAL CAMPO;REG SUR;820;CAJA;G05;0.3887;1
100001;EL MORRO;COSECHA;CAJA INTEGRAL CAMPO;REG SUR;820;CAJA;G04;0.3887;1
100001;LA PERLA;COSECHA;CAJA INTEGRAL CAMPO;REG SUR;820;CAJA;G04;0.3887;1
100001;ARACATACA;COSECHA;CAJA INTEGRAL CAMPO;REG SUR;820;CAJA;G05;0.3887;1
100001;BOCATOMA;COSECHA;CAJA INTEGRAL CAMPO;REG SUR;820;CAJA;G04;0.3887;1
100001;JOYA;COSECHA;CAJA INTEGRAL CAMPO;CONT01;707.7;CAJA;G04;0.3887;1
100001;ESMERALDA;COSECHA;CAJA INTEGRAL CAMPO;CONT01;707.7;CAJA;G04;0.3887;1
100001;NARANJOS;COSECHA;CAJA INTEGRAL CAMPO;CONT01;707.7;CAJA;G04;0.3887;1
100001;YUNQUE;COSECHA;CAJA INTEGRAL CAMPO;CONT01;707.7;CAJA;G04;0.3887;1
100001;DONAMA;COSECHA;CAJA INTEGRAL CAMPO;CONT01;707.7;CAJA;G04;0.3887;1
100001;BURDEOS;COSECHA;CAJA INTEGRAL CAMPO;CONT01;707.7;CAJA;G04;0.3887;1
100001;DON MARCE SUR 2;COSECHA;CAJA INTEGRAL CAMPO;ORG SUR;820;CAJA;G04;0.3887;1
100001;LAS MARGARITAS;COSECHA;CAJA INTEGRAL CAMPO;ORG SUR;820;CAJA;G04;0.3887;1
100001;LA CECILIA;COSECHA;CAJA INTEGRAL CAMPO;ORG SUR;820;CAJA;G04;0.3887;1
100001;JOSEFINA;COSECHA;CAJA INTEGRAL CAMPO;ORG SUR;820;CAJA;G04;0.3887;1
100001;SAN ALFREDO;COSECHA;CAJA INTEGRAL CAMPO;ORG SUR;820;CAJA;G04;0.3887;1
100001;VICTORIA;COSECHA;CAJA INTEGRAL CAMPO;ORG SUR;820;CAJA;G04;0.3887;1
100001;CIRCASIA;COSECHA;CAJA INTEGRAL CAMPO;ORG SUR;820;CAJA;G04;0.3887;1
100001;CIÉNAGA;COSECHA;CAJA INTEGRAL CAMPO;ORG SUR;820;CAJA;G04;0.3887;1
100001;MARÍA;COSECHA;CAJA INTEGRAL CAMPO;ORG SUR;820;CAJA;G04;0.3887;1
100001;REMANSO;COSECHA;CAJA INTEGRAL CAMPO;ORG SUR;820;CAJA;G04;0.3887;1
100001;PIEDECUESTA;COSECHA;CAJA INTEGRAL CAMPO;ORG SUR;820;CAJA;G04;0.3887;1
100001;NÁUTICA;COSECHA;CAJA INTEGRAL CAMPO;CESAR;958;CAJA;G05;0.3887;1
100001;LAS LINAS;COSECHA;CAJA INTEGRAL CAMPO;LINAS;828;CAJA;G04;0.3887;1
100001;DON ALÍ;COSECHA;CAJA INTEGRAL CAMPO;ORG NORTE;900;CAJA;G04;0.3887;1
100001;DR4 DON ALÍ;COSECHA;CAJA INTEGRAL CAMPO;ORG NORTE;900;CAJA;G04;0.3887;1
100001;DON CARLOS;COSECHA;CAJA INTEGRAL CAMPO;ORG NORTE;900;CAJA;G04;0.3887;1
100001;EVA NORTE;COSECHA;CAJA INTEGRAL CAMPO;ORG NORTE;900;CAJA;G05;0.3887;1
100001;DON PEDRO;COSECHA;CAJA INTEGRAL CAMPO;ORG NORTE;900;CAJA;G04;0.3887;1
100001;LA VELA;COSECHA;CAJA INTEGRAL CAMPO;ORG NORTE;900;CAJA;G04;0.3887;1
100001;ESPERANZA;COSECHA;CAJA INTEGRAL CAMPO;ORG NORTE;900;CAJA;G04;0.3887;1
100001;LINA MARGARITA;COSECHA;CAJA INTEGRAL CAMPO;PLAT;1900;CAJA;G04;0.3887;1
100001;DON MARCE;COSECHA;CAJA INTEGRAL CAMPO;CONT04;1000;CAJA;G04;0.3887;1
100002;ENANO;COSECHA;DESPIÑATE X CONTRATO     ;REG SUR;164.02928;RACIMO CORTADO;G04;0.3887;1
100002;EVA;COSECHA;DESPIÑATE X CONTRATO     ;REG SUR;164.02928;RACIMO CORTADO;G04;0.3887;1
100002;SAMI;COSECHA;DESPIÑATE X CONTRATO     ;REG SUR;164.02928;RACIMO CORTADO;G04;0.3887;1
100002;VEGA;COSECHA;DESPIÑATE X CONTRATO     ;REG SUR;164.02928;RACIMO CORTADO;G04;0.3887;1
100002;FEDERICA;COSECHA;DESPIÑATE X CONTRATO     ;REG SUR;164.02928;RACIMO CORTADO;G04;0.3887;1
100002;NEERLANDIA;COSECHA;DESPIÑATE X CONTRATO     ;SG;178.380636;RACIMO CORTADO;G04;0.3887;1
100002;SAN ANTONIO;COSECHA;DESPIÑATE X CONTRATO     ;SG;178.380636;RACIMO CORTADO;G04;0.3887;1
100002;MRS;COSECHA;DESPIÑATE X CONTRATO     ;REG SUR;164.02928;RACIMO CORTADO;G04;0.3887;1
100002;DON FUAD;COSECHA;DESPIÑATE X CONTRATO     ;REG SUR;164.02928;RACIMO CORTADO;G04;0.3887;1
100002;EUFEMIA;COSECHA;DESPIÑATE X CONTRATO     ;EUF;180.922329;RACIMO CORTADO;G04;0.3887;1
100002;OLGA;COSECHA;DESPIÑATE X CONTRATO     ;EUF;180.922329;RACIMO CORTADO;G04;0.3887;1
100002;DON SAID;COSECHA;DESPIÑATE X CONTRATO     ;REG SUR;164.02928;RACIMO CORTADO;G04;0.3887;1
100002;ASUNTINA;COSECHA;DESPIÑATE X CONTRATO     ;CONT02;130;RACIMO CORTADO;G04;0.3887;1
100002;PORLAMAR;COSECHA;DESPIÑATE X CONTRATO     ;REG SUR;164.02928;RACIMO CORTADO;G05;0.3887;1
100002;EL MORRO;COSECHA;DESPIÑATE X CONTRATO     ;REG SUR;164.02928;RACIMO CORTADO;G04;0.3887;1
100002;LA PERLA;COSECHA;DESPIÑATE X CONTRATO     ;REG SUR;164.02928;RACIMO CORTADO;G04;0.3887;1
100002;ARACATACA;COSECHA;DESPIÑATE X CONTRATO     ;REG SUR;164.02928;RACIMO CORTADO;G05;0.3887;1
100002;BOCATOMA;COSECHA;DESPIÑATE X CONTRATO     ;REG SUR;164.02928;RACIMO CORTADO;G04;0.3887;1
100002;JOYA;COSECHA;DESPIÑATE X CONTRATO     ;CONT01;157.5;RACIMO CORTADO;G04;0.3887;1
100002;ESMERALDA;COSECHA;DESPIÑATE X CONTRATO     ;CONT01;157.5;RACIMO CORTADO;G04;0.3887;1
100002;NARANJOS;COSECHA;DESPIÑATE X CONTRATO     ;CONT01;157.5;RACIMO CORTADO;G04;0.3887;1
100002;YUNQUE;COSECHA;DESPIÑATE X CONTRATO     ;CONT01;157.5;RACIMO CORTADO;G04;0.3887;1
100002;DONAMA;COSECHA;DESPIÑATE X CONTRATO     ;CONT01;157.5;RACIMO CORTADO;G04;0.3887;1
100002;BURDEOS;COSECHA;DESPIÑATE X CONTRATO     ;CONT01;157.5;RACIMO CORTADO;G04;0.3887;1
100002;DON MARCE SUR 2;COSECHA;DESPIÑATE X CONTRATO     ;ORG SUR;164.02928;RACIMO CORTADO;G04;0.3887;1
100002;LAS MARGARITAS;COSECHA;DESPIÑATE X CONTRATO     ;ORG SUR;164.02928;RACIMO CORTADO;G04;0.3887;1
100002;LA CECILIA;COSECHA;DESPIÑATE X CONTRATO     ;ORG SUR;164.02928;RACIMO CORTADO;G04;0.3887;1
100002;JOSEFINA;COSECHA;DESPIÑATE X CONTRATO     ;ORG SUR;164.02928;RACIMO CORTADO;G04;0.3887;1
100002;SAN ALFREDO;COSECHA;DESPIÑATE X CONTRATO     ;ORG SUR;164.02928;RACIMO CORTADO;G04;0.3887;1
100002;VICTORIA;COSECHA;DESPIÑATE X CONTRATO     ;ORG SUR;164.02928;RACIMO CORTADO;G04;0.3887;1
100002;CIRCASIA;COSECHA;DESPIÑATE X CONTRATO     ;ORG SUR;164.02928;RACIMO CORTADO;G04;0.3887;1
100002;CIÉNAGA;COSECHA;DESPIÑATE X CONTRATO     ;ORG SUR;164.02928;RACIMO CORTADO;G04;0.3887;1
100002;MARÍA;COSECHA;DESPIÑATE X CONTRATO     ;ORG SUR;164.02928;RACIMO CORTADO;G04;0.3887;1
100002;REMANSO;COSECHA;DESPIÑATE X CONTRATO     ;ORG SUR;164.02928;RACIMO CORTADO;G04;0.3887;1
100002;PIEDECUESTA;COSECHA;DESPIÑATE X CONTRATO     ;ORG SUR;164.02928;RACIMO CORTADO;G04;0.3887;1
100002;NÁUTICA;COSECHA;DESPIÑATE X CONTRATO     ;CESAR;178.1264;RACIMO CORTADO;G05;0.3887;1
100002;LAS LINAS;COSECHA;DESPIÑATE X CONTRATO     ;LINAS;178.093616;RACIMO CORTADO;G04;0.3887;1
100002;DON ALÍ;COSECHA;DESPIÑATE X CONTRATO     ;ORG NORTE;178.093616;RACIMO CORTADO;G04;0.3887;1
100002;DR4 DON ALÍ;COSECHA;DESPIÑATE X CONTRATO     ;ORG NORTE;178.093616;RACIMO CORTADO;G04;0.3887;1
100002;DON CARLOS;COSECHA;DESPIÑATE X CONTRATO     ;ORG NORTE;178.093616;RACIMO CORTADO;G04;0.3887;1
100002;EVA NORTE;COSECHA;DESPIÑATE X CONTRATO     ;ORG NORTE;178.093616;RACIMO CORTADO;G05;0.3887;1
100002;DON PEDRO;COSECHA;DESPIÑATE X CONTRATO     ;ORG NORTE;178.093616;RACIMO CORTADO;G04;0.3887;1
100002;LA VELA;COSECHA;DESPIÑATE X CONTRATO     ;ORG NORTE;178.093616;RACIMO CORTADO;G04;0.3887;1
100002;ESPERANZA;COSECHA;DESPIÑATE X CONTRATO     ;ORG NORTE;178.093616;RACIMO CORTADO;G04;0.3887;1
100002;LINA MARGARITA;COSECHA;DESPIÑATE X CONTRATO     ;PLAT;0;RACIMO CORTADO;G04;0.3887;1
100002;DON MARCE;COSECHA;DESPIÑATE X CONTRATO     ;PLAT;0;RACIMO CORTADO;G04;0.3887;1
100003;ENANO;COSECHA;PRE CALIBRACION X CONTRATO;REG SUR;133.43088;RACIMO CORTADO;G04;0.3887;1
100003;EVA;COSECHA;PRE CALIBRACION X CONTRATO;REG SUR;133.43088;RACIMO CORTADO;G04;0.3887;1
100003;SAMI;COSECHA;PRE CALIBRACION X CONTRATO;REG SUR;133.43088;RACIMO CORTADO;G04;0.3887;1
100003;VEGA;COSECHA;PRE CALIBRACION X CONTRATO;REG SUR;133.43088;RACIMO CORTADO;G04;0.3887;1
100003;FEDERICA;COSECHA;PRE CALIBRACION X CONTRATO;REG SUR;133.43088;RACIMO CORTADO;G04;0.3887;1
100003;NEERLANDIA;COSECHA;PRE CALIBRACION X CONTRATO;SG;145.954795;RACIMO CORTADO;G04;0.3887;1
100003;SAN ANTONIO;COSECHA;PRE CALIBRACION X CONTRATO;SG;145.954795;RACIMO CORTADO;G04;0.3887;1
100003;MRS;COSECHA;PRE CALIBRACION X CONTRATO;REG SUR;133.43088;RACIMO CORTADO;G04;0.3887;1
100003;DON FUAD;COSECHA;PRE CALIBRACION X CONTRATO;REG SUR;133.43088;RACIMO CORTADO;G04;0.3887;1
100003;EUFEMIA;COSECHA;PRE CALIBRACION X CONTRATO;EUF;145.9516734;RACIMO CORTADO;G04;0.3887;1
100003;OLGA;COSECHA;PRE CALIBRACION X CONTRATO;EUF;145.9516734;RACIMO CORTADO;G04;0.3887;1
100003;DON SAID;COSECHA;PRE CALIBRACION X CONTRATO;REG SUR;133.43088;RACIMO CORTADO;G04;0.3887;1
100003;ASUNTINA;COSECHA;PRE CALIBRACION X CONTRATO;CONT02;109.28;RACIMO CORTADO;G04;0.3887;1
100003;PORLAMAR;COSECHA;PRE CALIBRACION X CONTRATO;REG SUR;133.43088;RACIMO CORTADO;G05;0.3887;1
100003;EL MORRO;COSECHA;PRE CALIBRACION X CONTRATO;REG SUR;133.43088;RACIMO CORTADO;G04;0.3887;1
100003;LA PERLA;COSECHA;PRE CALIBRACION X CONTRATO;REG SUR;133.43088;RACIMO CORTADO;G04;0.3887;1
100003;ARACATACA;COSECHA;PRE CALIBRACION X CONTRATO;REG SUR;133.43088;RACIMO CORTADO;G05;0.3887;1
100003;BOCATOMA;COSECHA;PRE CALIBRACION X CONTRATO;REG SUR;133.43088;RACIMO CORTADO;G04;0.3887;1
100003;JOYA;COSECHA;PRE CALIBRACION X CONTRATO;CONT01;128.1;RACIMO CORTADO;G04;0.3887;1
100003;ESMERALDA;COSECHA;PRE CALIBRACION X CONTRATO;CONT01;128.1;RACIMO CORTADO;G04;0.3887;1
100003;NARANJOS;COSECHA;PRE CALIBRACION X CONTRATO;CONT01;128.1;RACIMO CORTADO;G04;0.3887;1
100003;YUNQUE;COSECHA;PRE CALIBRACION X CONTRATO;CONT01;128.1;RACIMO CORTADO;G04;0.3887;1
100003;DONAMA;COSECHA;PRE CALIBRACION X CONTRATO;CONT01;128.1;RACIMO CORTADO;G04;0.3887;1
100003;BURDEOS;COSECHA;PRE CALIBRACION X CONTRATO;CONT01;128.1;RACIMO CORTADO;G04;0.3887;1
100003;DON MARCE SUR 2;COSECHA;PRE CALIBRACION X CONTRATO;ORG SUR;133.43088;RACIMO CORTADO;G04;0.3887;1
100003;LAS MARGARITAS;COSECHA;PRE CALIBRACION X CONTRATO;ORG SUR;133.43088;RACIMO CORTADO;G04;0.3887;1
100003;LA CECILIA;COSECHA;PRE CALIBRACION X CONTRATO;ORG SUR;133.43088;RACIMO CORTADO;G04;0.3887;1
100003;JOSEFINA;COSECHA;PRE CALIBRACION X CONTRATO;ORG SUR;133.43088;RACIMO CORTADO;G04;0.3887;1
100003;SAN ALFREDO;COSECHA;PRE CALIBRACION X CONTRATO;ORG SUR;133.43088;RACIMO CORTADO;G04;0.3887;1
100003;VICTORIA;COSECHA;PRE CALIBRACION X CONTRATO;ORG SUR;133.43088;RACIMO CORTADO;G04;0.3887;1
100003;CIRCASIA;COSECHA;PRE CALIBRACION X CONTRATO;ORG SUR;133.43088;RACIMO CORTADO;G04;0.3887;1
100003;CIÉNAGA;COSECHA;PRE CALIBRACION X CONTRATO;ORG SUR;133.43088;RACIMO CORTADO;G04;0.3887;1
100003;MARÍA;COSECHA;PRE CALIBRACION X CONTRATO;ORG SUR;133.43088;RACIMO CORTADO;G04;0.3887;1
100003;REMANSO;COSECHA;PRE CALIBRACION X CONTRATO;ORG SUR;133.43088;RACIMO CORTADO;G04;0.3887;1
100003;PIEDECUESTA;COSECHA;PRE CALIBRACION X CONTRATO;ORG SUR;133.43088;RACIMO CORTADO;G04;0.3887;1
100003;NÁUTICA;COSECHA;PRE CALIBRACION X CONTRATO;CESAR;145.45168;RACIMO CORTADO;G05;0.3887;1
100003;LAS LINAS;COSECHA;PRE CALIBRACION X CONTRATO;LINAS;145.45168;RACIMO CORTADO;G04;0.3887;1
100003;DON ALÍ;COSECHA;PRE CALIBRACION X CONTRATO;ORG NORTE;141.856368;RACIMO CORTADO;G04;0.3887;1
100003;DR4 DON ALÍ;COSECHA;PRE CALIBRACION X CONTRATO;ORG NORTE;141.856368;RACIMO CORTADO;G04;0.3887;1
100003;DON CARLOS;COSECHA;PRE CALIBRACION X CONTRATO;ORG NORTE;141.856368;RACIMO CORTADO;G04;0.3887;1
100003;EVA NORTE;COSECHA;PRE CALIBRACION X CONTRATO;ORG NORTE;141.856368;RACIMO CORTADO;G05;0.3887;1
100003;DON PEDRO;COSECHA;PRE CALIBRACION X CONTRATO;ORG NORTE;141.856368;RACIMO CORTADO;G04;0.3887;1
100003;LA VELA;COSECHA;PRE CALIBRACION X CONTRATO;ORG NORTE;141.856368;RACIMO CORTADO;G04;0.3887;1
100003;ESPERANZA;COSECHA;PRE CALIBRACION X CONTRATO;ORG NORTE;141.856368;RACIMO CORTADO;G04;0.3887;1
100003;LINA MARGARITA;COSECHA;PRE CALIBRACION X CONTRATO;PLAT;109.28;RACIMO CORTADO;G04;0.3887;1
100003;DON MARCE;COSECHA;PRE CALIBRACION X CONTRATO;PLAT;109.28;RACIMO CORTADO;G04;0.3887;1
100004;ENANO;COSECHA;BOTADA DE VASTAGO X CONTRATO;REG SUR;38.35728;RACIMO CORTADO;G04;0.3887;1
100004;EVA;COSECHA;BOTADA DE VASTAGO X CONTRATO;REG SUR;38.35728;RACIMO CORTADO;G04;0.3887;1
100004;SAMI;COSECHA;BOTADA DE VASTAGO X CONTRATO;REG SUR;38.35728;RACIMO CORTADO;G04;0.3887;1
100004;VEGA;COSECHA;BOTADA DE VASTAGO X CONTRATO;REG SUR;38.35728;RACIMO CORTADO;G04;0.3887;1
100004;FEDERICA;COSECHA;BOTADA DE VASTAGO X CONTRATO;REG SUR;38.35728;RACIMO CORTADO;G04;0.3887;1
100004;NEERLANDIA;COSECHA;BOTADA DE VASTAGO X CONTRATO;SG;40.292986;RACIMO CORTADO;G04;0.3887;1
100004;SAN ANTONIO;COSECHA;BOTADA DE VASTAGO X CONTRATO;SG;40.292986;RACIMO CORTADO;G04;0.3887;1
100004;MRS;COSECHA;BOTADA DE VASTAGO X CONTRATO;REG SUR;38.35728;RACIMO CORTADO;G04;0.3887;1
100004;DON FUAD;COSECHA;BOTADA DE VASTAGO X CONTRATO;REG SUR;38.35728;RACIMO CORTADO;G04;0.3887;1
100004;EUFEMIA;COSECHA;BOTADA DE VASTAGO X CONTRATO;EUF;38.26392057;RACIMO CORTADO;G04;0.3887;1
100004;OLGA;COSECHA;BOTADA DE VASTAGO X CONTRATO;EUF;38.26392057;RACIMO CORTADO;G04;0.3887;1
100004;DON SAID;COSECHA;BOTADA DE VASTAGO X CONTRATO;CONT03;15;RACIMO CORTADO;G04;0.3887;1
100004;ASUNTINA;COSECHA;BOTADA DE VASTAGO X CONTRATO;CONT02;28.71353856;RACIMO CORTADO;G04;0.3887;1
100004;PORLAMAR;COSECHA;BOTADA DE VASTAGO X CONTRATO;REG SUR;38.35728;RACIMO CORTADO;G05;0.3887;1
100004;EL MORRO;COSECHA;BOTADA DE VASTAGO X CONTRATO;REG SUR;38.35728;RACIMO CORTADO;G04;0.3887;1
100004;LA PERLA;COSECHA;BOTADA DE VASTAGO X CONTRATO;REG SUR;38.35728;RACIMO CORTADO;G04;0.3887;1
100004;ARACATACA;COSECHA;BOTADA DE VASTAGO X CONTRATO;REG SUR;38.35728;RACIMO CORTADO;G05;0.3887;1
100004;BOCATOMA;COSECHA;BOTADA DE VASTAGO X CONTRATO;REG SUR;38.35728;RACIMO CORTADO;G04;0.3887;1
100004;JOYA;COSECHA;BOTADA DE VASTAGO X CONTRATO;CONT01;38.35728;RACIMO CORTADO;G04;0.3887;1
100004;ESMERALDA;COSECHA;BOTADA DE VASTAGO X CONTRATO;CONT01;38.35728;RACIMO CORTADO;G04;0.3887;1
100004;NARANJOS;COSECHA;BOTADA DE VASTAGO X CONTRATO;CONT01;38.35728;RACIMO CORTADO;G04;0.3887;1
100004;YUNQUE;COSECHA;BOTADA DE VASTAGO X CONTRATO;CONT01;38.35728;RACIMO CORTADO;G04;0.3887;1
100004;DONAMA;COSECHA;BOTADA DE VASTAGO X CONTRATO;CONT01;38.35728;RACIMO CORTADO;G04;0.3887;1
100004;BURDEOS;COSECHA;BOTADA DE VASTAGO X CONTRATO;CONT01;38.35728;RACIMO CORTADO;G04;0.3887;1
100004;DON MARCE SUR 2;COSECHA;BOTADA DE VASTAGO X CONTRATO;ORG SUR;38.35728;RACIMO CORTADO;G04;0.3887;1
100004;LAS MARGARITAS;COSECHA;BOTADA DE VASTAGO X CONTRATO;ORG SUR;38.35728;RACIMO CORTADO;G04;0.3887;1
100004;LA CECILIA;COSECHA;BOTADA DE VASTAGO X CONTRATO;ORG SUR;38.35728;RACIMO CORTADO;G04;0.3887;1
100004;JOSEFINA;COSECHA;BOTADA DE VASTAGO X CONTRATO;ORG SUR;38.35728;RACIMO CORTADO;G04;0.3887;1
100004;SAN ALFREDO;COSECHA;BOTADA DE VASTAGO X CONTRATO;ORG SUR;38.35728;RACIMO CORTADO;G04;0.3887;1
100004;VICTORIA;COSECHA;BOTADA DE VASTAGO X CONTRATO;ORG SUR;38.35728;RACIMO CORTADO;G04;0.3887;1
100004;CIRCASIA;COSECHA;BOTADA DE VASTAGO X CONTRATO;ORG SUR;38.35728;RACIMO CORTADO;G04;0.3887;1
100004;CIÉNAGA;COSECHA;BOTADA DE VASTAGO X CONTRATO;ORG SUR;38.35728;RACIMO CORTADO;G04;0.3887;1
100004;MARÍA;COSECHA;BOTADA DE VASTAGO X CONTRATO;ORG SUR;38.35728;RACIMO CORTADO;G04;0.3887;1
100004;REMANSO;COSECHA;BOTADA DE VASTAGO X CONTRATO;ORG SUR;38.35728;RACIMO CORTADO;G04;0.3887;1
100004;PIEDECUESTA;COSECHA;BOTADA DE VASTAGO X CONTRATO;ORG SUR;38.35728;RACIMO CORTADO;G04;0.3887;1
100004;NÁUTICA;COSECHA;BOTADA DE VASTAGO X CONTRATO;CESAR;37.81088;RACIMO CORTADO;G05;0.3887;1
100004;LAS LINAS;COSECHA;BOTADA DE VASTAGO X CONTRATO;LINAS;41.449904;RACIMO CORTADO;G04;0.3887;1
100004;DON ALÍ;COSECHA;BOTADA DE VASTAGO X CONTRATO;ORG NORTE;41.449904;RACIMO CORTADO;G04;0.3887;1
100004;DR4 DON ALÍ;COSECHA;BOTADA DE VASTAGO X CONTRATO;ORG NORTE;41.449904;RACIMO CORTADO;G04;0.3887;1
100004;DON CARLOS;COSECHA;BOTADA DE VASTAGO X CONTRATO;ORG NORTE;41.449904;RACIMO CORTADO;G04;0.3887;1
100004;EVA NORTE;COSECHA;BOTADA DE VASTAGO X CONTRATO;ORG NORTE;41.449904;RACIMO CORTADO;G05;0.3887;1
100004;DON PEDRO;COSECHA;BOTADA DE VASTAGO X CONTRATO;ORG NORTE;41.449904;RACIMO CORTADO;G04;0.3887;1
100004;LA VELA;COSECHA;BOTADA DE VASTAGO X CONTRATO;ORG NORTE;41.449904;RACIMO CORTADO;G04;0.3887;1
100004;ESPERANZA;COSECHA;BOTADA DE VASTAGO X CONTRATO;ORG NORTE;41.449904;RACIMO CORTADO;G04;0.3887;1
100004;LINA MARGARITA;COSECHA;BOTADA DE VASTAGO X CONTRATO;PLAT;28.817136;RACIMO CORTADO;G04;0.3887;0
100004;DON MARCE;COSECHA;BOTADA DE VASTAGO X CONTRATO;PLAT;28.817136;RACIMO CORTADO;G04;0.3887;1
100005;ENANO;COSECHA;PICADA BASTAGO  X  CONTRATO;REG SUR;38.35728;RACIMO CORTADO;G04;0.3887;0.5
100005;EVA;COSECHA;PICADA BASTAGO  X  CONTRATO;REG SUR;38.35728;RACIMO CORTADO;G04;0.3887;1
100005;SAMI;COSECHA;PICADA BASTAGO  X  CONTRATO;REG SUR;38.35728;RACIMO CORTADO;G04;0.3887;1
100005;VEGA;COSECHA;PICADA BASTAGO  X  CONTRATO;REG SUR;38.35728;RACIMO CORTADO;G04;0.3887;1
100005;FEDERICA;COSECHA;PICADA BASTAGO  X  CONTRATO;REG SUR;38.35728;RACIMO CORTADO;G04;0.3887;0.5
100005;NEERLANDIA;COSECHA;PICADA BASTAGO  X  CONTRATO;SG;38.35728;RACIMO CORTADO;G04;0.3887;1
100005;SAN ANTONIO;COSECHA;PICADA BASTAGO  X  CONTRATO;SG;38.35728;RACIMO CORTADO;G04;0.3887;1
100005;MRS;COSECHA;PICADA BASTAGO  X  CONTRATO;REG SUR;38.35728;RACIMO CORTADO;G04;0.3887;0.4
100005;DON FUAD;COSECHA;PICADA BASTAGO  X  CONTRATO;REG SUR;38.35728;RACIMO CORTADO;G04;0.3887;0.4
100005;EUFEMIA;COSECHA;PICADA BASTAGO  X  CONTRATO;EUF;38.35728;RACIMO CORTADO;G04;0.3887;1
100005;OLGA;COSECHA;PICADA BASTAGO  X  CONTRATO;EUF;38.35728;RACIMO CORTADO;G04;0.3887;0
100005;DON SAID;COSECHA;PICADA BASTAGO  X  CONTRATO;REG SUR;38.35728;RACIMO CORTADO;G04;0.3887;1
100005;ASUNTINA;COSECHA;PICADA BASTAGO  X  CONTRATO;CONT02;38.35728;RACIMO CORTADO;G04;0.3887;0
100005;PORLAMAR;COSECHA;PICADA BASTAGO  X  CONTRATO;REG SUR;38.35728;RACIMO CORTADO;G05;0.3887;1
100005;EL MORRO;COSECHA;PICADA BASTAGO  X  CONTRATO;REG SUR;38.35728;RACIMO CORTADO;G04;0.3887;0
100005;LA PERLA;COSECHA;PICADA BASTAGO  X  CONTRATO;REG SUR;38.35728;RACIMO CORTADO;G04;0.3887;0
100005;ARACATACA;COSECHA;PICADA BASTAGO  X  CONTRATO;REG SUR;38.35728;RACIMO CORTADO;G05;0.3887;1
100005;BOCATOMA;COSECHA;PICADA BASTAGO  X  CONTRATO;REG SUR;38.35728;RACIMO CORTADO;G04;0.3887;0
100005;JOYA;COSECHA;PICADA BASTAGO  X  CONTRATO;CONT01;0;RACIMO CORTADO;G04;0.3887;0
100005;ESMERALDA;COSECHA;PICADA BASTAGO  X  CONTRATO;CONT01;0;RACIMO CORTADO;G04;0.3887;0
100005;NARANJOS;COSECHA;PICADA BASTAGO  X  CONTRATO;CONT01;0;RACIMO CORTADO;G04;0.3887;0
100005;YUNQUE;COSECHA;PICADA BASTAGO  X  CONTRATO;CONT01;0;RACIMO CORTADO;G04;0.3887;0
100005;DONAMA;COSECHA;PICADA BASTAGO  X  CONTRATO;CONT01;0;RACIMO CORTADO;G04;0.3887;0
100005;BURDEOS;COSECHA;PICADA BASTAGO  X  CONTRATO;CONT01;0;RACIMO CORTADO;G04;0.3887;0
100005;DON MARCE SUR 2;COSECHA;PICADA BASTAGO  X  CONTRATO;ORG SUR;38.35728;RACIMO CORTADO;G04;0.3887;0.4
100005;LAS MARGARITAS;COSECHA;PICADA BASTAGO  X  CONTRATO;ORG SUR;38.35728;RACIMO CORTADO;G04;0.3887;1
100005;LA CECILIA;COSECHA;PICADA BASTAGO  X  CONTRATO;ORG SUR;38.35728;RACIMO CORTADO;G04;0.3887;0
100005;JOSEFINA;COSECHA;PICADA BASTAGO  X  CONTRATO;ORG SUR;38.35728;RACIMO CORTADO;G04;0.3887;1
100005;SAN ALFREDO;COSECHA;PICADA BASTAGO  X  CONTRATO;ORG SUR;38.35728;RACIMO CORTADO;G04;0.3887;0
100005;VICTORIA;COSECHA;PICADA BASTAGO  X  CONTRATO;ORG SUR;38.35728;RACIMO CORTADO;G04;0.3887;1
100005;CIRCASIA;COSECHA;PICADA BASTAGO  X  CONTRATO;ORG SUR;38.35728;RACIMO CORTADO;G04;0.3887;1
100005;CIÉNAGA;COSECHA;PICADA BASTAGO  X  CONTRATO;ORG SUR;38.35728;RACIMO CORTADO;G04;0.3887;0
100005;MARÍA;COSECHA;PICADA BASTAGO  X  CONTRATO;ORG SUR;38.35728;RACIMO CORTADO;G04;0.3887;1
100005;REMANSO;COSECHA;PICADA BASTAGO  X  CONTRATO;ORG SUR;38.35728;RACIMO CORTADO;G04;0.3887;1
100005;PIEDECUESTA;COSECHA;PICADA BASTAGO  X  CONTRATO;ORG SUR;38.35728;RACIMO CORTADO;G04;0.3887;1
100005;NÁUTICA;COSECHA;PICADA BASTAGO  X  CONTRATO;CESAR;37.81088;RACIMO CORTADO;G05;0.3887;0.3
100005;LAS LINAS;COSECHA;PICADA BASTAGO  X  CONTRATO;LINAS;38.35728;RACIMO CORTADO;G04;0.3887;0.5
100005;DON ALÍ;COSECHA;PICADA BASTAGO  X  CONTRATO;ORG NORTE;38.35728;RACIMO CORTADO;G04;0.3887;0
100005;DR4 DON ALÍ;COSECHA;PICADA BASTAGO  X  CONTRATO;ORG NORTE;38.35728;RACIMO CORTADO;G04;0.3887;0
100005;DON CARLOS;COSECHA;PICADA BASTAGO  X  CONTRATO;ORG NORTE;38.35728;RACIMO CORTADO;G04;0.3887;0
100005;EVA NORTE;COSECHA;PICADA BASTAGO  X  CONTRATO;ORG NORTE;38.35728;RACIMO CORTADO;G05;0.3887;0
100005;DON PEDRO;COSECHA;PICADA BASTAGO  X  CONTRATO;ORG NORTE;38.35728;RACIMO CORTADO;G04;0.3887;0
100005;LA VELA;COSECHA;PICADA BASTAGO  X  CONTRATO;ORG NORTE;38.35728;RACIMO CORTADO;G04;0.3887;0
100005;ESPERANZA;COSECHA;PICADA BASTAGO  X  CONTRATO;ORG NORTE;38.35728;RACIMO CORTADO;G04;0.3887;0
100005;LINA MARGARITA;COSECHA;PICADA BASTAGO  X  CONTRATO;PLAT;28.817136;RACIMO CORTADO;G04;0.3887;1
100005;DON MARCE;COSECHA;PICADA BASTAGO  X  CONTRATO;PLAT;28.817136;RACIMO CORTADO;G04;0.3887;0
100006;ENANO;COSECHA;ALIMENTADOR DE COSECHA CAMPO;REG SUR;65000;PROMEDIADO;G04;0.3887;7.5
100006;EVA;COSECHA;ALIMENTADOR DE COSECHA CAMPO;REG SUR;65000;PROMEDIADO;G04;0.3887;5.4
100006;SAMI;COSECHA;ALIMENTADOR DE COSECHA CAMPO;REG SUR;65000;PROMEDIADO;G04;0.3887;6
100006;VEGA;COSECHA;ALIMENTADOR DE COSECHA CAMPO;REG SUR;65000;PROMEDIADO;G04;0.3887;0
100006;FEDERICA;COSECHA;ALIMENTADOR DE COSECHA CAMPO;REG SUR;65000;PROMEDIADO;G04;0.3887;9
100006;NEERLANDIA;COSECHA;ALIMENTADOR DE COSECHA CAMPO;SG;65000;PROMEDIADO;G04;0.3887;8
100006;SAN ANTONIO;COSECHA;ALIMENTADOR DE COSECHA CAMPO;SG;65000;PROMEDIADO;G04;0.3887;8
100006;MRS;COSECHA;ALIMENTADOR DE COSECHA CAMPO;REG SUR;65000;PROMEDIADO;G04;0.3887;0
100006;DON FUAD;COSECHA;ALIMENTADOR DE COSECHA CAMPO;REG SUR;65000;PROMEDIADO;G04;0.3887;0
100006;EUFEMIA;COSECHA;ALIMENTADOR DE COSECHA CAMPO;EUF;65000;PROMEDIADO;G04;0.3887;8
100006;OLGA;COSECHA;ALIMENTADOR DE COSECHA CAMPO;EUF;65000;PROMEDIADO;G04;0.3887;0
100006;DON SAID;COSECHA;ALIMENTADOR DE COSECHA CAMPO;REG SUR;65000;PROMEDIADO;G04;0.3887;20
100006;ASUNTINA;COSECHA;ALIMENTADOR DE COSECHA CAMPO;REG SUR;65000;PROMEDIADO;G04;0.3887;0
100006;PORLAMAR;COSECHA;ALIMENTADOR DE COSECHA CAMPO;REG SUR;65000;PROMEDIADO;G05;0.3887;0
100006;EL MORRO;COSECHA;ALIMENTADOR DE COSECHA CAMPO;REG SUR;65000;PROMEDIADO;G04;0.3887;0
100006;LA PERLA;COSECHA;ALIMENTADOR DE COSECHA CAMPO;REG SUR;65000;PROMEDIADO;G04;0.3887;0
100006;ARACATACA;COSECHA;ALIMENTADOR DE COSECHA CAMPO;REG SUR;65000;PROMEDIADO;G05;0.3887;40
100006;BOCATOMA;COSECHA;ALIMENTADOR DE COSECHA CAMPO;REG SUR;65000;PROMEDIADO;G04;0.3887;0
100006;JOYA;COSECHA;ALIMENTADOR DE COSECHA CAMPO;REG SUR;65000;PROMEDIADO;G04;0.3887;0
100006;ESMERALDA;COSECHA;ALIMENTADOR DE COSECHA CAMPO;REG SUR;65000;PROMEDIADO;G04;0.3887;0
100006;NARANJOS;COSECHA;ALIMENTADOR DE COSECHA CAMPO;REG SUR;65000;PROMEDIADO;G04;0.3887;0
100006;YUNQUE;COSECHA;ALIMENTADOR DE COSECHA CAMPO;REG SUR;65000;PROMEDIADO;G04;0.3887;0
100006;DONAMA;COSECHA;ALIMENTADOR DE COSECHA CAMPO;REG SUR;65000;PROMEDIADO;G04;0.3887;0
100006;BURDEOS;COSECHA;ALIMENTADOR DE COSECHA CAMPO;REG SUR;65000;PROMEDIADO;G04;0.3887;0
100006;DON MARCE SUR 2;COSECHA;ALIMENTADOR DE COSECHA CAMPO;ORG SUR;65000;PROMEDIADO;G04;0.3887;0
100006;LAS MARGARITAS;COSECHA;ALIMENTADOR DE COSECHA CAMPO;ORG SUR;65000;PROMEDIADO;G04;0.3887;0
100006;LA CECILIA;COSECHA;ALIMENTADOR DE COSECHA CAMPO;ORG SUR;65000;PROMEDIADO;G04;0.3887;0
100006;JOSEFINA;COSECHA;ALIMENTADOR DE COSECHA CAMPO;ORG SUR;65000;PROMEDIADO;G04;0.3887;0
100006;SAN ALFREDO;COSECHA;ALIMENTADOR DE COSECHA CAMPO;ORG SUR;65000;PROMEDIADO;G04;0.3887;0
100006;VICTORIA;COSECHA;ALIMENTADOR DE COSECHA CAMPO;ORG SUR;65000;PROMEDIADO;G04;0.3887;0
100006;CIRCASIA;COSECHA;ALIMENTADOR DE COSECHA CAMPO;ORG SUR;65000;PROMEDIADO;G04;0.3887;0
100006;CIÉNAGA;COSECHA;ALIMENTADOR DE COSECHA CAMPO;ORG SUR;65000;PROMEDIADO;G04;0.3887;0
100006;MARÍA;COSECHA;ALIMENTADOR DE COSECHA CAMPO;ORG SUR;65000;PROMEDIADO;G04;0.3887;0
100006;REMANSO;COSECHA;ALIMENTADOR DE COSECHA CAMPO;ORG SUR;65000;PROMEDIADO;G04;0.3887;0
100006;PIEDECUESTA;COSECHA;ALIMENTADOR DE COSECHA CAMPO;ORG SUR;65000;PROMEDIADO;G04;0.3887;0
100006;NÁUTICA;COSECHA;ALIMENTADOR DE COSECHA CAMPO;CESAR;65000;PROMEDIADO;G05;0.3887;0
100006;LAS LINAS;COSECHA;ALIMENTADOR DE COSECHA CAMPO;LINAS;65000;PROMEDIADO;G04;0.3887;10
100006;DON ALÍ;COSECHA;ALIMENTADOR DE COSECHA CAMPO;ORG NORTE;65000;PROMEDIADO;G04;0.3887;0
100006;DR4 DON ALÍ;COSECHA;ALIMENTADOR DE COSECHA CAMPO;ORG NORTE;65000;PROMEDIADO;G04;0.3887;0
100006;DON CARLOS;COSECHA;ALIMENTADOR DE COSECHA CAMPO;ORG NORTE;65000;PROMEDIADO;G04;0.3887;0
100006;EVA NORTE;COSECHA;ALIMENTADOR DE COSECHA CAMPO;ORG NORTE;65000;PROMEDIADO;G05;0.3887;0
100006;DON PEDRO;COSECHA;ALIMENTADOR DE COSECHA CAMPO;ORG NORTE;65000;PROMEDIADO;G04;0.3887;0
100006;LA VELA;COSECHA;ALIMENTADOR DE COSECHA CAMPO;ORG NORTE;65000;PROMEDIADO;G04;0.3887;0
100006;ESPERANZA;COSECHA;ALIMENTADOR DE COSECHA CAMPO;ORG NORTE;65000;PROMEDIADO;G04;0.3887;0
100006;LINA MARGARITA;COSECHA;ALIMENTADOR DE COSECHA CAMPO;PLAT;0;PROMEDIADO;G04;0.3887;0
100006;DON MARCE;COSECHA;ALIMENTADOR DE COSECHA CAMPO;PLAT;0;PROMEDIADO;G04;0.3887;0
100023;ENANO;COSECHA;CORTE CAMPO AJUSTE;REG SUR;65000;PROMEDIADO;G04;0.3887;0
100023;EVA;COSECHA;CORTE CAMPO AJUSTE;REG SUR;65000;PROMEDIADO;G04;0.3887;0
100023;SAMI;COSECHA;CORTE CAMPO AJUSTE;REG SUR;65000;PROMEDIADO;G04;0.3887;0
100023;VEGA;COSECHA;CORTE CAMPO AJUSTE;REG SUR;65000;PROMEDIADO;G04;0.3887;0
100023;FEDERICA;COSECHA;CORTE CAMPO AJUSTE;REG SUR;65000;PROMEDIADO;G04;0.3887;0
100023;NEERLANDIA;COSECHA;CORTE CAMPO AJUSTE;SG;65000;PROMEDIADO;G04;0.3887;0
100023;SAN ANTONIO;COSECHA;CORTE CAMPO AJUSTE;SG;65000;PROMEDIADO;G04;0.3887;0
100023;MRS;COSECHA;CORTE CAMPO AJUSTE;REG SUR;65000;PROMEDIADO;G04;0.3887;0
100023;DON FUAD;COSECHA;CORTE CAMPO AJUSTE;REG SUR;65000;PROMEDIADO;G04;0.3887;0
100023;EUFEMIA;COSECHA;CORTE CAMPO AJUSTE;EUF;65000;PROMEDIADO;G04;0.3887;0
100023;OLGA;COSECHA;CORTE CAMPO AJUSTE;EUF;65000;PROMEDIADO;G04;0.3887;0
100023;DON SAID;COSECHA;CORTE CAMPO AJUSTE;REG SUR;65000;PROMEDIADO;G04;0.3887;0
100023;ASUNTINA;COSECHA;CORTE CAMPO AJUSTE;REG SUR;65000;PROMEDIADO;G04;0.3887;0
100023;PORLAMAR;COSECHA;CORTE CAMPO AJUSTE;REG SUR;65000;PROMEDIADO;G05;0.3887;4
100023;EL MORRO;COSECHA;CORTE CAMPO AJUSTE;REG SUR;65000;PROMEDIADO;G04;0.3887;0
100023;LA PERLA;COSECHA;CORTE CAMPO AJUSTE;REG SUR;65000;PROMEDIADO;G04;0.3887;0
100023;ARACATACA;COSECHA;CORTE CAMPO AJUSTE;REG SUR;65000;PROMEDIADO;G05;0.3887;0
100023;BOCATOMA;COSECHA;CORTE CAMPO AJUSTE;REG SUR;65000;PROMEDIADO;G04;0.3887;0
100023;JOYA;COSECHA;CORTE CAMPO AJUSTE;REG SUR;65000;PROMEDIADO;G04;0.3887;0
100023;ESMERALDA;COSECHA;CORTE CAMPO AJUSTE;REG SUR;65000;PROMEDIADO;G04;0.3887;0
100023;NARANJOS;COSECHA;CORTE CAMPO AJUSTE;REG SUR;65000;PROMEDIADO;G04;0.3887;0
100023;YUNQUE;COSECHA;CORTE CAMPO AJUSTE;REG SUR;65000;PROMEDIADO;G04;0.3887;0
100023;DONAMA;COSECHA;CORTE CAMPO AJUSTE;REG SUR;65000;PROMEDIADO;G04;0.3887;0
100023;BURDEOS;COSECHA;CORTE CAMPO AJUSTE;REG SUR;65000;PROMEDIADO;G04;0.3887;0
100023;DON MARCE SUR 2;COSECHA;CORTE CAMPO AJUSTE;ORG SUR;65000;PROMEDIADO;G04;0.3887;0
100023;LAS MARGARITAS;COSECHA;CORTE CAMPO AJUSTE;ORG SUR;65000;PROMEDIADO;G04;0.3887;0
100023;LA CECILIA;COSECHA;CORTE CAMPO AJUSTE;ORG SUR;65000;PROMEDIADO;G04;0.3887;0
100023;JOSEFINA;COSECHA;CORTE CAMPO AJUSTE;ORG SUR;65000;PROMEDIADO;G04;0.3887;0
100023;SAN ALFREDO;COSECHA;CORTE CAMPO AJUSTE;ORG SUR;65000;PROMEDIADO;G04;0.3887;0
100023;VICTORIA;COSECHA;CORTE CAMPO AJUSTE;ORG SUR;65000;PROMEDIADO;G04;0.3887;0
100023;CIRCASIA;COSECHA;CORTE CAMPO AJUSTE;ORG SUR;65000;PROMEDIADO;G04;0.3887;0
100023;CIÉNAGA;COSECHA;CORTE CAMPO AJUSTE;ORG SUR;65000;PROMEDIADO;G04;0.3887;0
100023;MARÍA;COSECHA;CORTE CAMPO AJUSTE;ORG SUR;65000;PROMEDIADO;G04;0.3887;0
100023;REMANSO;COSECHA;CORTE CAMPO AJUSTE;ORG SUR;65000;PROMEDIADO;G04;0.3887;0
100023;PIEDECUESTA;COSECHA;CORTE CAMPO AJUSTE;ORG SUR;65000;PROMEDIADO;G04;0.3887;0
100023;NÁUTICA;COSECHA;CORTE CAMPO AJUSTE;CESAR;65000;PROMEDIADO;G05;0.3887;10
100023;LAS LINAS;COSECHA;CORTE CAMPO AJUSTE;LINAS;65000;PROMEDIADO;G04;0.3887;0
100023;DON ALÍ;COSECHA;CORTE CAMPO AJUSTE;ORG NORTE;65000;PROMEDIADO;G04;0.3887;2
100023;DR4 DON ALÍ;COSECHA;CORTE CAMPO AJUSTE;ORG NORTE;65000;PROMEDIADO;G04;0.3887;0
100023;DON CARLOS;COSECHA;CORTE CAMPO AJUSTE;ORG NORTE;65000;PROMEDIADO;G04;0.3887;0
100023;EVA NORTE;COSECHA;CORTE CAMPO AJUSTE;ORG NORTE;65000;PROMEDIADO;G05;0.3887;2
100023;DON PEDRO;COSECHA;CORTE CAMPO AJUSTE;ORG NORTE;65000;PROMEDIADO;G04;0.3887;1
100023;LA VELA;COSECHA;CORTE CAMPO AJUSTE;ORG NORTE;65000;PROMEDIADO;G04;0.3887;1
100023;ESPERANZA;COSECHA;CORTE CAMPO AJUSTE;ORG NORTE;65000;PROMEDIADO;G04;0.3887;0
100023;LINA MARGARITA;COSECHA;CORTE CAMPO AJUSTE;PLAT;0;PROMEDIADO;G04;0.3887;0
100023;DON MARCE;COSECHA;CORTE CAMPO AJUSTE;PLAT;0;PROMEDIADO;G04;0.3887;0
100007;ENANO;COSECHA;AJUSTE DE COSECHA;REG SUR;1;AJUSTE;G04;0.3887;0
100007;EVA;COSECHA;AJUSTE DE COSECHA;REG SUR;1;AJUSTE;G04;0.3887;0
100007;SAMI;COSECHA;AJUSTE DE COSECHA;REG SUR;1;AJUSTE;G04;0.3887;0
100007;VEGA;COSECHA;AJUSTE DE COSECHA;REG SUR;1;AJUSTE;G04;0.3887;0
100007;FEDERICA;COSECHA;AJUSTE DE COSECHA;REG SUR;1;AJUSTE;G04;0.3887;0
100007;NEERLANDIA;COSECHA;AJUSTE DE COSECHA;SG;1;AJUSTE;G04;0.3887;0
100007;SAN ANTONIO;COSECHA;AJUSTE DE COSECHA;SG;1;AJUSTE;G04;0.3887;0
100007;MRS;COSECHA;AJUSTE DE COSECHA;REG SUR;1;AJUSTE;G04;0.3887;0
100007;DON FUAD;COSECHA;AJUSTE DE COSECHA;REG SUR;1;AJUSTE;G04;0.3887;0
100007;EUFEMIA;COSECHA;AJUSTE DE COSECHA;EUF;1;AJUSTE;G04;0.3887;0
100007;OLGA;COSECHA;AJUSTE DE COSECHA;EUF;1;AJUSTE;G04;0.3887;0
100007;DON SAID;COSECHA;AJUSTE DE COSECHA;REG SUR;1;AJUSTE;G04;0.3887;0
100007;ASUNTINA;COSECHA;AJUSTE DE COSECHA;REG SUR;1;AJUSTE;G04;0.3887;0
100007;PORLAMAR;COSECHA;AJUSTE DE COSECHA;REG SUR;1;AJUSTE;G05;0.3887;0
100007;EL MORRO;COSECHA;AJUSTE DE COSECHA;REG SUR;1;AJUSTE;G04;0.3887;0
100007;LA PERLA;COSECHA;AJUSTE DE COSECHA;REG SUR;1;AJUSTE;G04;0.3887;0
100007;ARACATACA;COSECHA;AJUSTE DE COSECHA;REG SUR;1;AJUSTE;G05;0.3887;0
100007;BOCATOMA;COSECHA;AJUSTE DE COSECHA;REG SUR;1;AJUSTE;G04;0.3887;0
100007;JOYA;COSECHA;AJUSTE DE COSECHA;REG SUR;1;AJUSTE;G04;0.3887;0
100007;ESMERALDA;COSECHA;AJUSTE DE COSECHA;REG SUR;1;AJUSTE;G04;0.3887;0
100007;NARANJOS;COSECHA;AJUSTE DE COSECHA;REG SUR;1;AJUSTE;G04;0.3887;0
100007;YUNQUE;COSECHA;AJUSTE DE COSECHA;REG SUR;1;AJUSTE;G04;0.3887;0
100007;DONAMA;COSECHA;AJUSTE DE COSECHA;REG SUR;1;AJUSTE;G04;0.3887;0
100007;BURDEOS;COSECHA;AJUSTE DE COSECHA;REG SUR;1;AJUSTE;G04;0.3887;0
100007;DON MARCE SUR 2;COSECHA;AJUSTE DE COSECHA;ORG SUR;1;AJUSTE;G04;0.3887;0
100007;LAS MARGARITAS;COSECHA;AJUSTE DE COSECHA;ORG SUR;1;AJUSTE;G04;0.3887;0
100007;LA CECILIA;COSECHA;AJUSTE DE COSECHA;ORG SUR;1;AJUSTE;G04;0.3887;0
100007;JOSEFINA;COSECHA;AJUSTE DE COSECHA;ORG SUR;1;AJUSTE;G04;0.3887;0
100007;SAN ALFREDO;COSECHA;AJUSTE DE COSECHA;ORG SUR;1;AJUSTE;G04;0.3887;0
100007;VICTORIA;COSECHA;AJUSTE DE COSECHA;ORG SUR;1;AJUSTE;G04;0.3887;0
100007;CIRCASIA;COSECHA;AJUSTE DE COSECHA;ORG SUR;1;AJUSTE;G04;0.3887;0
100007;CIÉNAGA;COSECHA;AJUSTE DE COSECHA;ORG SUR;1;AJUSTE;G04;0.3887;0
100007;MARÍA;COSECHA;AJUSTE DE COSECHA;ORG SUR;1;AJUSTE;G04;0.3887;0
100007;REMANSO;COSECHA;AJUSTE DE COSECHA;ORG SUR;1;AJUSTE;G04;0.3887;0
100007;PIEDECUESTA;COSECHA;AJUSTE DE COSECHA;ORG SUR;1;AJUSTE;G04;0.3887;0
100007;NÁUTICA;COSECHA;AJUSTE DE COSECHA;CESAR;1;AJUSTE;G05;0.3887;0
100007;LAS LINAS;COSECHA;AJUSTE DE COSECHA;LINAS;1;AJUSTE;G04;0.3887;0
100007;DON ALÍ;COSECHA;AJUSTE DE COSECHA;ORG NORTE;1;AJUSTE;G04;0.3887;0
100007;DR4 DON ALÍ;COSECHA;AJUSTE DE COSECHA;ORG NORTE;1;AJUSTE;G04;0.3887;0
100007;DON CARLOS;COSECHA;AJUSTE DE COSECHA;ORG NORTE;1;AJUSTE;G04;0.3887;0
100007;EVA NORTE;COSECHA;AJUSTE DE COSECHA;ORG NORTE;1;AJUSTE;G05;0.3887;0
100007;DON PEDRO;COSECHA;AJUSTE DE COSECHA;ORG NORTE;1;AJUSTE;G04;0.3887;0
100007;LA VELA;COSECHA;AJUSTE DE COSECHA;ORG NORTE;1;AJUSTE;G04;0.3887;0
100007;ESPERANZA;COSECHA;AJUSTE DE COSECHA;ORG NORTE;1;AJUSTE;G04;0.3887;0
100007;LINA MARGARITA;COSECHA;AJUSTE DE COSECHA;PLAT;0;AJUSTE;G04;0.3887;0
100007;DON MARCE;COSECHA;AJUSTE DE COSECHA;PLAT;0;AJUSTE;G04;0.3887;0
100008;ENANO;EMPAQUE;EMPAQUE INTEGRAL CAJA PREMIUM;REG SUR;1180.224;CAJA;G04;0.3887;1
100008;EVA;EMPAQUE;EMPAQUE INTEGRAL CAJA PREMIUM;REG SUR;1180.224;CAJA;G04;0.3887;1
100008;SAMI;EMPAQUE;EMPAQUE INTEGRAL CAJA PREMIUM;REG SUR;1180.224;CAJA;G04;0.3887;1
100008;VEGA;EMPAQUE;EMPAQUE INTEGRAL CAJA PREMIUM;CONT03;1280.224;CAJA;G04;0.3887;1
100008;FEDERICA;EMPAQUE;EMPAQUE INTEGRAL CAJA PREMIUM;REG SUR;1180.224;CAJA;G04;0.3887;1
100008;NEERLANDIA;EMPAQUE;EMPAQUE INTEGRAL CAJA PREMIUM;SG;1180.22;CAJA;G04;0.3887;1
100008;SAN ANTONIO;EMPAQUE;EMPAQUE INTEGRAL CAJA PREMIUM;SG;1180.22;CAJA;G04;0.3887;1
100008;MRS;EMPAQUE;EMPAQUE INTEGRAL CAJA PREMIUM;CONT03;1280.224;CAJA;G04;0.3887;1
100008;DON FUAD;EMPAQUE;EMPAQUE INTEGRAL CAJA PREMIUM;REG SUR;1180.224;CAJA;G04;0.3887;1
100008;EUFEMIA;EMPAQUE;EMPAQUE INTEGRAL CAJA PREMIUM;EUF;1250;CAJA;G04;0.3887;1
100008;OLGA;EMPAQUE;EMPAQUE INTEGRAL CAJA PREMIUM;CONT04;1350;CAJA;G04;0.3887;1
100008;DON SAID;EMPAQUE;EMPAQUE INTEGRAL CAJA PREMIUM;REG SUR;1180.224;CAJA;G04;0.3887;1
100008;ASUNTINA;EMPAQUE;EMPAQUE INTEGRAL CAJA PREMIUM;REG SUR;1180.224;CAJA;G04;0.3887;1
100008;PORLAMAR;EMPAQUE;EMPAQUE INTEGRAL CAJA PREMIUM;REG SUR;1180.224;CAJA;G05;0.3887;1
100008;EL MORRO;EMPAQUE;EMPAQUE INTEGRAL CAJA PREMIUM;REG SUR;1180.224;CAJA;G04;0.3887;1
100008;LA PERLA;EMPAQUE;EMPAQUE INTEGRAL CAJA PREMIUM;REG SUR;1180.224;CAJA;G04;0.3887;1
100008;ARACATACA;EMPAQUE;EMPAQUE INTEGRAL CAJA PREMIUM;REG SUR;1180.224;CAJA;G05;0.3887;1
100008;BOCATOMA;EMPAQUE;EMPAQUE INTEGRAL CAJA PREMIUM;REG SUR;1180.224;CAJA;G04;0.3887;1
100008;JOYA;EMPAQUE;EMPAQUE INTEGRAL CAJA PREMIUM;CONT01;1134;CAJA;G04;0.3887;1
100008;ESMERALDA;EMPAQUE;EMPAQUE INTEGRAL CAJA PREMIUM;CONT01;1134;CAJA;G04;0.3887;1
100008;NARANJOS;EMPAQUE;EMPAQUE INTEGRAL CAJA PREMIUM;CONT01;1134;CAJA;G04;0.3887;1
100008;YUNQUE;EMPAQUE;EMPAQUE INTEGRAL CAJA PREMIUM;CONT01;1134;CAJA;G04;0.3887;1
100008;DONAMA;EMPAQUE;EMPAQUE INTEGRAL CAJA PREMIUM;CONT01;1134;CAJA;G04;0.3887;1
100008;BURDEOS;EMPAQUE;EMPAQUE INTEGRAL CAJA PREMIUM;CONT01;1134;CAJA;G04;0.3887;1
100008;DON MARCE SUR 2;EMPAQUE;EMPAQUE INTEGRAL CAJA PREMIUM;CONT02;1339.2352;CAJA;G04;0.3887;1
100008;LAS MARGARITAS;EMPAQUE;EMPAQUE INTEGRAL CAJA PREMIUM;ORG SUR;1239.2352;CAJA;G04;0.3887;1
100008;LA CECILIA;EMPAQUE;EMPAQUE INTEGRAL CAJA PREMIUM;CONT02;1339.2352;CAJA;G04;0.3887;1
100008;JOSEFINA;EMPAQUE;EMPAQUE INTEGRAL CAJA PREMIUM;ORG SUR;1239.2352;CAJA;G04;0.3887;1
100008;SAN ALFREDO;EMPAQUE;EMPAQUE INTEGRAL CAJA PREMIUM;CONT02;1339.2352;CAJA;G04;0.3887;1
100008;VICTORIA;EMPAQUE;EMPAQUE INTEGRAL CAJA PREMIUM;ORG SUR;1239.2352;CAJA;G04;0.3887;1
100008;CIRCASIA;EMPAQUE;EMPAQUE INTEGRAL CAJA PREMIUM;ORG SUR;1239.2352;CAJA;G04;0.3887;1
100008;CIÉNAGA;EMPAQUE;EMPAQUE INTEGRAL CAJA PREMIUM;CONT02;1339.2352;CAJA;G04;0.3887;1
100008;MARÍA;EMPAQUE;EMPAQUE INTEGRAL CAJA PREMIUM;CONT02;1339.2352;CAJA;G04;0.3887;1
100008;REMANSO;EMPAQUE;EMPAQUE INTEGRAL CAJA PREMIUM;ORG SUR;1239.2352;CAJA;G04;0.3887;1
100008;PIEDECUESTA;EMPAQUE;EMPAQUE INTEGRAL CAJA PREMIUM;ORG SUR;1239.2352;CAJA;G04;0.3887;1
100008;NÁUTICA;EMPAQUE;EMPAQUE INTEGRAL CAJA PREMIUM;CESAR;1348.32;CAJA;G05;0.3887;1
100008;LAS LINAS;EMPAQUE;EMPAQUE INTEGRAL CAJA PREMIUM;LINAS;0;CAJA;G04;0.3887;0
100008;DON ALÍ;EMPAQUE;EMPAQUE INTEGRAL CAJA PREMIUM;ORG NORTE;0;CAJA;G04;0.3887;0
100008;DR4 DON ALÍ;EMPAQUE;EMPAQUE INTEGRAL CAJA PREMIUM;ORG NORTE;0;CAJA;G04;0.3887;0
100008;DON CARLOS;EMPAQUE;EMPAQUE INTEGRAL CAJA PREMIUM;ORG NORTE;0;CAJA;G04;0.3887;0
100008;EVA NORTE;EMPAQUE;EMPAQUE INTEGRAL CAJA PREMIUM;ORG NORTE;0;CAJA;G05;0.3887;0
100008;DON PEDRO;EMPAQUE;EMPAQUE INTEGRAL CAJA PREMIUM;ORG NORTE;0;CAJA;G04;0.3887;0
100008;LA VELA;EMPAQUE;EMPAQUE INTEGRAL CAJA PREMIUM;ORG NORTE;0;CAJA;G04;0.3887;0
100008;ESPERANZA;EMPAQUE;EMPAQUE INTEGRAL CAJA PREMIUM;ORG NORTE;0;CAJA;G04;0.3887;0
100008;LINA MARGARITA;EMPAQUE;EMPAQUE INTEGRAL CAJA PREMIUM;PLAT;1546.312;CAJA;G04;0.3887;1
100008;DON MARCE;EMPAQUE;EMPAQUE INTEGRAL CAJA PREMIUM;PLAT;1546.312;CAJA;G04;0.3887;1
100009;ENANO;EMPAQUE;EMPAQUE INTEGRAL CAJA ESPECIAL ;REG SUR;1366;CAJA;G04;0.3887;1
100009;EVA;EMPAQUE;EMPAQUE INTEGRAL CAJA ESPECIAL ;REG SUR;1366;CAJA;G04;0.3887;1
100009;SAMI;EMPAQUE;EMPAQUE INTEGRAL CAJA ESPECIAL ;REG SUR;1366;CAJA;G04;0.3887;1
100009;VEGA;EMPAQUE;EMPAQUE INTEGRAL CAJA ESPECIAL ;CONT03;1466;CAJA;G04;0.3887;1
100009;FEDERICA;EMPAQUE;EMPAQUE INTEGRAL CAJA ESPECIAL ;REG SUR;1366;CAJA;G04;0.3887;1
100009;NEERLANDIA;EMPAQUE;EMPAQUE INTEGRAL CAJA ESPECIAL ;SG;1366;CAJA;G04;0.3887;1
100009;SAN ANTONIO;EMPAQUE;EMPAQUE INTEGRAL CAJA ESPECIAL ;SG;1366;CAJA;G04;0.3887;1
100009;MRS;EMPAQUE;EMPAQUE INTEGRAL CAJA ESPECIAL ;CONT03;1466;CAJA;G04;0.3887;1
100009;DON FUAD;EMPAQUE;EMPAQUE INTEGRAL CAJA ESPECIAL ;REG SUR;1366;CAJA;G04;0.3887;1
100009;EUFEMIA;EMPAQUE;EMPAQUE INTEGRAL CAJA ESPECIAL ;EUF;1366;CAJA;G04;0.3887;1
100009;OLGA;EMPAQUE;EMPAQUE INTEGRAL CAJA ESPECIAL ;CONT04;1466;CAJA;G04;0.3887;1
100009;DON SAID;EMPAQUE;EMPAQUE INTEGRAL CAJA ESPECIAL ;REG SUR;1366;CAJA;G04;0.3887;1
100009;ASUNTINA;EMPAQUE;EMPAQUE INTEGRAL CAJA ESPECIAL ;REG SUR;1366;CAJA;G04;0.3887;1
100009;PORLAMAR;EMPAQUE;EMPAQUE INTEGRAL CAJA ESPECIAL ;REG SUR;1366;CAJA;G05;0.3887;1
100009;EL MORRO;EMPAQUE;EMPAQUE INTEGRAL CAJA ESPECIAL ;REG SUR;1366;CAJA;G04;0.3887;1
100009;LA PERLA;EMPAQUE;EMPAQUE INTEGRAL CAJA ESPECIAL ;REG SUR;1366;CAJA;G04;0.3887;1
100009;ARACATACA;EMPAQUE;EMPAQUE INTEGRAL CAJA ESPECIAL ;REG SUR;1366;CAJA;G05;0.3887;1
100009;BOCATOMA;EMPAQUE;EMPAQUE INTEGRAL CAJA ESPECIAL ;REG SUR;1366;CAJA;G04;0.3887;1
100009;JOYA;EMPAQUE;EMPAQUE INTEGRAL CAJA ESPECIAL ;CONT01;1312.5;CAJA;G04;0.3887;1
100009;ESMERALDA;EMPAQUE;EMPAQUE INTEGRAL CAJA ESPECIAL ;CONT01;1312.5;CAJA;G04;0.3887;1
100009;NARANJOS;EMPAQUE;EMPAQUE INTEGRAL CAJA ESPECIAL ;CONT01;1312.5;CAJA;G04;0.3887;1
100009;YUNQUE;EMPAQUE;EMPAQUE INTEGRAL CAJA ESPECIAL ;CONT01;1312.5;CAJA;G04;0.3887;1
100009;DONAMA;EMPAQUE;EMPAQUE INTEGRAL CAJA ESPECIAL ;CONT01;1312.5;CAJA;G04;0.3887;1
100009;BURDEOS;EMPAQUE;EMPAQUE INTEGRAL CAJA ESPECIAL ;CONT01;1312.5;CAJA;G04;0.3887;1
100009;DON MARCE SUR 2;EMPAQUE;EMPAQUE INTEGRAL CAJA ESPECIAL ;CONT02;1533.7536;CAJA;G04;0.3887;1
100009;LAS MARGARITAS;EMPAQUE;EMPAQUE INTEGRAL CAJA ESPECIAL ;ORG SUR;1433.7536;CAJA;G04;0.3887;1
100009;LA CECILIA;EMPAQUE;EMPAQUE INTEGRAL CAJA ESPECIAL ;CONT02;1533.7536;CAJA;G04;0.3887;1
100009;JOSEFINA;EMPAQUE;EMPAQUE INTEGRAL CAJA ESPECIAL ;ORG SUR;1433.7536;CAJA;G04;0.3887;1
100009;SAN ALFREDO;EMPAQUE;EMPAQUE INTEGRAL CAJA ESPECIAL ;CONT02;1533.7536;CAJA;G04;0.3887;1
100009;VICTORIA;EMPAQUE;EMPAQUE INTEGRAL CAJA ESPECIAL ;ORG SUR;1433.7536;CAJA;G04;0.3887;1
100009;CIRCASIA;EMPAQUE;EMPAQUE INTEGRAL CAJA ESPECIAL ;ORG SUR;1433.7536;CAJA;G04;0.3887;1
100009;CIÉNAGA;EMPAQUE;EMPAQUE INTEGRAL CAJA ESPECIAL ;CONT02;1533.7536;CAJA;G04;0.3887;1
100009;MARÍA;EMPAQUE;EMPAQUE INTEGRAL CAJA ESPECIAL ;CONT02;1533.7536;CAJA;G04;0.3887;1
100009;REMANSO;EMPAQUE;EMPAQUE INTEGRAL CAJA ESPECIAL ;ORG SUR;1433.7536;CAJA;G04;0.3887;1
100009;PIEDECUESTA;EMPAQUE;EMPAQUE INTEGRAL CAJA ESPECIAL ;ORG SUR;1433.7536;CAJA;G04;0.3887;1
100009;NÁUTICA;EMPAQUE;EMPAQUE INTEGRAL CAJA ESPECIAL ;CESAR;1460.68;CAJA;G05;0.3887;1
100009;LAS LINAS;EMPAQUE;EMPAQUE INTEGRAL CAJA ESPECIAL ;LINAS;0;CAJA;G04;0.3887;0
100009;DON ALÍ;EMPAQUE;EMPAQUE INTEGRAL CAJA ESPECIAL ;ORG NORTE;0;CAJA;G04;0.3887;0
100009;DR4 DON ALÍ;EMPAQUE;EMPAQUE INTEGRAL CAJA ESPECIAL ;ORG NORTE;0;CAJA;G04;0.3887;0
100009;DON CARLOS;EMPAQUE;EMPAQUE INTEGRAL CAJA ESPECIAL ;ORG NORTE;0;CAJA;G04;0.3887;0
100009;EVA NORTE;EMPAQUE;EMPAQUE INTEGRAL CAJA ESPECIAL ;ORG NORTE;0;CAJA;G05;0.3887;0
100009;DON PEDRO;EMPAQUE;EMPAQUE INTEGRAL CAJA ESPECIAL ;ORG NORTE;0;CAJA;G04;0.3887;0
100009;LA VELA;EMPAQUE;EMPAQUE INTEGRAL CAJA ESPECIAL ;ORG NORTE;0;CAJA;G04;0.3887;0
100009;ESPERANZA;EMPAQUE;EMPAQUE INTEGRAL CAJA ESPECIAL ;ORG NORTE;0;CAJA;G04;0.3887;0
100009;LINA MARGARITA;EMPAQUE;EMPAQUE INTEGRAL CAJA ESPECIAL ;PLAT;1100;CAJA;G04;0.3887;1
100009;DON MARCE;EMPAQUE;EMPAQUE INTEGRAL CAJA ESPECIAL ;PLAT;1100;CAJA;G04;0.3887;1
100010;ENANO;EMPAQUE;CAJAS ESPECIALES;REG SUR;0;CAJA;G04;0.3887;0
100010;EVA;EMPAQUE;CAJAS ESPECIALES;REG SUR;0;CAJA;G04;0.3887;0
100010;SAMI;EMPAQUE;CAJAS ESPECIALES;REG SUR;0;CAJA;G04;0.3887;0
100010;VEGA;EMPAQUE;CAJAS ESPECIALES;REG SUR;0;CAJA;G04;0.3887;0
100010;FEDERICA;EMPAQUE;CAJAS ESPECIALES;REG SUR;0;CAJA;G04;0.3887;0
100010;NEERLANDIA;EMPAQUE;CAJAS ESPECIALES;SG;0;CAJA;G04;0.3887;0
100010;SAN ANTONIO;EMPAQUE;CAJAS ESPECIALES;SG;0;CAJA;G04;0.3887;0
100010;MRS;EMPAQUE;CAJAS ESPECIALES;REG SUR;0;CAJA;G04;0.3887;0
100010;DON FUAD;EMPAQUE;CAJAS ESPECIALES;REG SUR;0;CAJA;G04;0.3887;0
100010;EUFEMIA;EMPAQUE;CAJAS ESPECIALES;EUF;0;CAJA;G04;0.3887;0
100010;OLGA;EMPAQUE;CAJAS ESPECIALES;EUF;0;CAJA;G04;0.3887;0
100010;DON SAID;EMPAQUE;CAJAS ESPECIALES;REG SUR;0;CAJA;G04;0.3887;0
100010;ASUNTINA;EMPAQUE;CAJAS ESPECIALES;REG SUR;0;CAJA;G04;0.3887;0
100010;PORLAMAR;EMPAQUE;CAJAS ESPECIALES;REG SUR;0;CAJA;G05;0.3887;0
100010;EL MORRO;EMPAQUE;CAJAS ESPECIALES;REG SUR;0;CAJA;G04;0.3887;0
100010;LA PERLA;EMPAQUE;CAJAS ESPECIALES;REG SUR;0;CAJA;G04;0.3887;0
100010;ARACATACA;EMPAQUE;CAJAS ESPECIALES;REG SUR;0;CAJA;G05;0.3887;0
100010;BOCATOMA;EMPAQUE;CAJAS ESPECIALES;REG SUR;0;CAJA;G04;0.3887;0
100010;JOYA;EMPAQUE;CAJAS ESPECIALES;REG SUR;0;CAJA;G04;0.3887;0
100010;ESMERALDA;EMPAQUE;CAJAS ESPECIALES;REG SUR;0;CAJA;G04;0.3887;0
100010;NARANJOS;EMPAQUE;CAJAS ESPECIALES;REG SUR;0;CAJA;G04;0.3887;0
100010;YUNQUE;EMPAQUE;CAJAS ESPECIALES;REG SUR;0;CAJA;G04;0.3887;0
100010;DONAMA;EMPAQUE;CAJAS ESPECIALES;REG SUR;0;CAJA;G04;0.3887;0
100010;BURDEOS;EMPAQUE;CAJAS ESPECIALES;REG SUR;0;CAJA;G04;0.3887;0
100010;DON MARCE SUR 2;EMPAQUE;CAJAS ESPECIALES;ORG SUR;0;CAJA;G04;0.3887;0
100010;LAS MARGARITAS;EMPAQUE;CAJAS ESPECIALES;ORG SUR;0;CAJA;G04;0.3887;0
100010;LA CECILIA;EMPAQUE;CAJAS ESPECIALES;ORG SUR;0;CAJA;G04;0.3887;0
100010;JOSEFINA;EMPAQUE;CAJAS ESPECIALES;ORG SUR;0;CAJA;G04;0.3887;0
100010;SAN ALFREDO;EMPAQUE;CAJAS ESPECIALES;ORG SUR;0;CAJA;G04;0.3887;0
100010;VICTORIA;EMPAQUE;CAJAS ESPECIALES;ORG SUR;0;CAJA;G04;0.3887;0
100010;CIRCASIA;EMPAQUE;CAJAS ESPECIALES;ORG SUR;0;CAJA;G04;0.3887;0
100010;CIÉNAGA;EMPAQUE;CAJAS ESPECIALES;ORG SUR;0;CAJA;G04;0.3887;0
100010;MARÍA;EMPAQUE;CAJAS ESPECIALES;ORG SUR;0;CAJA;G04;0.3887;0
100010;REMANSO;EMPAQUE;CAJAS ESPECIALES;ORG SUR;0;CAJA;G04;0.3887;0
100010;PIEDECUESTA;EMPAQUE;CAJAS ESPECIALES;ORG SUR;0;CAJA;G04;0.3887;0
100010;NÁUTICA;EMPAQUE;CAJAS ESPECIALES;CESAR;0;CAJA;G05;0.3887;0
100010;LAS LINAS;EMPAQUE;CAJAS ESPECIALES;LINAS;1031.308144;CAJA;G04;0.3887;1
100010;DON ALÍ;EMPAQUE;CAJAS ESPECIALES;ORG NORTE;1031.308144;CAJA;G04;0.3887;1
100010;DR4 DON ALÍ;EMPAQUE;CAJAS ESPECIALES;ORG NORTE;1031.308144;CAJA;G04;0.3887;1
100010;DON CARLOS;EMPAQUE;CAJAS ESPECIALES;CONT02;1131.308144;CAJA;G04;0.3887;1
100010;EVA NORTE;EMPAQUE;CAJAS ESPECIALES;ORG NORTE;1031.308144;CAJA;G05;0.3887;1
100010;DON PEDRO;EMPAQUE;CAJAS ESPECIALES;ORG NORTE;1031.308144;CAJA;G04;0.3887;1
100010;LA VELA;EMPAQUE;CAJAS ESPECIALES;ORG NORTE;1031.308144;CAJA;G04;0.3887;1
100010;ESPERANZA;EMPAQUE;CAJAS ESPECIALES;ORG NORTE;1031.308144;CAJA;G04;0.3887;1
100010;LINA MARGARITA;EMPAQUE;CAJAS ESPECIALES;PLAT;0;CAJA;G04;0.3887;0
100010;DON MARCE;EMPAQUE;CAJAS ESPECIALES;PLAT;0;CAJA;G04;0.3887;0
100011;ENANO;EMPAQUE;CAJAS PREMIUM;REG SUR;0;CAJA;G04;0.3887;0
100011;EVA;EMPAQUE;CAJAS PREMIUM;REG SUR;0;CAJA;G04;0.3887;0
100011;SAMI;EMPAQUE;CAJAS PREMIUM;REG SUR;0;CAJA;G04;0.3887;0
100011;VEGA;EMPAQUE;CAJAS PREMIUM;REG SUR;0;CAJA;G04;0.3887;0
100011;FEDERICA;EMPAQUE;CAJAS PREMIUM;REG SUR;0;CAJA;G04;0.3887;0
100011;NEERLANDIA;EMPAQUE;CAJAS PREMIUM;SG;0;CAJA;G04;0.3887;0
100011;SAN ANTONIO;EMPAQUE;CAJAS PREMIUM;SG;0;CAJA;G04;0.3887;0
100011;MRS;EMPAQUE;CAJAS PREMIUM;REG SUR;0;CAJA;G04;0.3887;0
100011;DON FUAD;EMPAQUE;CAJAS PREMIUM;REG SUR;0;CAJA;G04;0.3887;0
100011;EUFEMIA;EMPAQUE;CAJAS PREMIUM;EUF;0;CAJA;G04;0.3887;0
100011;OLGA;EMPAQUE;CAJAS PREMIUM;EUF;0;CAJA;G04;0.3887;0
100011;DON SAID;EMPAQUE;CAJAS PREMIUM;REG SUR;0;CAJA;G04;0.3887;0
100011;ASUNTINA;EMPAQUE;CAJAS PREMIUM;REG SUR;0;CAJA;G04;0.3887;0
100011;PORLAMAR;EMPAQUE;CAJAS PREMIUM;REG SUR;0;CAJA;G05;0.3887;0
100011;EL MORRO;EMPAQUE;CAJAS PREMIUM;REG SUR;0;CAJA;G04;0.3887;0
100011;LA PERLA;EMPAQUE;CAJAS PREMIUM;REG SUR;0;CAJA;G04;0.3887;0
100011;ARACATACA;EMPAQUE;CAJAS PREMIUM;REG SUR;0;CAJA;G05;0.3887;0
100011;BOCATOMA;EMPAQUE;CAJAS PREMIUM;REG SUR;0;CAJA;G04;0.3887;0
100011;JOYA;EMPAQUE;CAJAS PREMIUM;REG SUR;0;CAJA;G04;0.3887;0
100011;ESMERALDA;EMPAQUE;CAJAS PREMIUM;REG SUR;0;CAJA;G04;0.3887;0
100011;NARANJOS;EMPAQUE;CAJAS PREMIUM;REG SUR;0;CAJA;G04;0.3887;0
100011;YUNQUE;EMPAQUE;CAJAS PREMIUM;REG SUR;0;CAJA;G04;0.3887;0
100011;DONAMA;EMPAQUE;CAJAS PREMIUM;REG SUR;0;CAJA;G04;0.3887;0
100011;BURDEOS;EMPAQUE;CAJAS PREMIUM;REG SUR;0;CAJA;G04;0.3887;0
100011;DON MARCE SUR 2;EMPAQUE;CAJAS PREMIUM;ORG SUR;0;CAJA;G04;0.3887;0
100011;LAS MARGARITAS;EMPAQUE;CAJAS PREMIUM;ORG SUR;0;CAJA;G04;0.3887;0
100011;LA CECILIA;EMPAQUE;CAJAS PREMIUM;ORG SUR;0;CAJA;G04;0.3887;0
100011;JOSEFINA;EMPAQUE;CAJAS PREMIUM;ORG SUR;0;CAJA;G04;0.3887;0
100011;SAN ALFREDO;EMPAQUE;CAJAS PREMIUM;ORG SUR;0;CAJA;G04;0.3887;0
100011;VICTORIA;EMPAQUE;CAJAS PREMIUM;ORG SUR;0;CAJA;G04;0.3887;0
100011;CIRCASIA;EMPAQUE;CAJAS PREMIUM;ORG SUR;0;CAJA;G04;0.3887;0
100011;CIÉNAGA;EMPAQUE;CAJAS PREMIUM;ORG SUR;0;CAJA;G04;0.3887;0
100011;MARÍA;EMPAQUE;CAJAS PREMIUM;ORG SUR;0;CAJA;G04;0.3887;0
100011;REMANSO;EMPAQUE;CAJAS PREMIUM;ORG SUR;0;CAJA;G04;0.3887;0
100011;PIEDECUESTA;EMPAQUE;CAJAS PREMIUM;ORG SUR;0;CAJA;G04;0.3887;0
100011;NÁUTICA;EMPAQUE;CAJAS PREMIUM;CESAR;0;CAJA;G05;0.3887;0
100011;LAS LINAS;EMPAQUE;CAJAS PREMIUM;LINAS;827.774144;CAJA;G04;0.3887;1
100011;DON ALÍ;EMPAQUE;CAJAS PREMIUM;ORG NORTE;827.774144;CAJA;G04;0.3887;1
100011;DR4 DON ALÍ;EMPAQUE;CAJAS PREMIUM;ORG NORTE;827.774144;CAJA;G04;0.3887;1
100011;DON CARLOS;EMPAQUE;CAJAS PREMIUM;CONT02;927.774144;CAJA;G04;0.3887;1
100011;EVA NORTE;EMPAQUE;CAJAS PREMIUM;ORG NORTE;827.774144;CAJA;G05;0.3887;1
100011;DON PEDRO;EMPAQUE;CAJAS PREMIUM;ORG NORTE;827.774144;CAJA;G04;0.3887;1
100011;LA VELA;EMPAQUE;CAJAS PREMIUM;ORG NORTE;827.774144;CAJA;G04;0.3887;1
100011;ESPERANZA;EMPAQUE;CAJAS PREMIUM;ORG NORTE;827.774144;CAJA;G04;0.3887;1
100011;LINA MARGARITA;EMPAQUE;CAJAS PREMIUM;PLAT;0;CAJA;G04;0.3887;1
100011;DON MARCE;EMPAQUE;CAJAS PREMIUM;PLAT;0;CAJA;G04;0.3887;1
100012;ENANO;EMPAQUE;CAJAS WALTRADE;REG SUR;0;CAJA;G04;0.3887;0
100012;EVA;EMPAQUE;CAJAS WALTRADE;REG SUR;0;CAJA;G04;0.3887;0
100012;SAMI;EMPAQUE;CAJAS WALTRADE;REG SUR;0;CAJA;G04;0.3887;0
100012;VEGA;EMPAQUE;CAJAS WALTRADE;REG SUR;0;CAJA;G04;0.3887;0
100012;FEDERICA;EMPAQUE;CAJAS WALTRADE;REG SUR;0;CAJA;G04;0.3887;0
100012;NEERLANDIA;EMPAQUE;CAJAS WALTRADE;SG;0;CAJA;G04;0.3887;0
100012;SAN ANTONIO;EMPAQUE;CAJAS WALTRADE;SG;0;CAJA;G04;0.3887;0
100012;MRS;EMPAQUE;CAJAS WALTRADE;REG SUR;0;CAJA;G04;0.3887;0
100012;DON FUAD;EMPAQUE;CAJAS WALTRADE;REG SUR;0;CAJA;G04;0.3887;0
100012;EUFEMIA;EMPAQUE;CAJAS WALTRADE;EUF;0;CAJA;G04;0.3887;0
100012;OLGA;EMPAQUE;CAJAS WALTRADE;EUF;0;CAJA;G04;0.3887;0
100012;DON SAID;EMPAQUE;CAJAS WALTRADE;REG SUR;0;CAJA;G04;0.3887;0
100012;ASUNTINA;EMPAQUE;CAJAS WALTRADE;REG SUR;0;CAJA;G04;0.3887;0
100012;PORLAMAR;EMPAQUE;CAJAS WALTRADE;REG SUR;0;CAJA;G05;0.3887;0
100012;EL MORRO;EMPAQUE;CAJAS WALTRADE;REG SUR;0;CAJA;G04;0.3887;0
100012;LA PERLA;EMPAQUE;CAJAS WALTRADE;REG SUR;0;CAJA;G04;0.3887;0
100012;ARACATACA;EMPAQUE;CAJAS WALTRADE;REG SUR;0;CAJA;G05;0.3887;0
100012;BOCATOMA;EMPAQUE;CAJAS WALTRADE;REG SUR;0;CAJA;G04;0.3887;0
100012;JOYA;EMPAQUE;CAJAS WALTRADE;REG SUR;0;CAJA;G04;0.3887;0
100012;ESMERALDA;EMPAQUE;CAJAS WALTRADE;REG SUR;0;CAJA;G04;0.3887;0
100012;NARANJOS;EMPAQUE;CAJAS WALTRADE;REG SUR;0;CAJA;G04;0.3887;0
100012;YUNQUE;EMPAQUE;CAJAS WALTRADE;REG SUR;0;CAJA;G04;0.3887;0
100012;DONAMA;EMPAQUE;CAJAS WALTRADE;REG SUR;0;CAJA;G04;0.3887;0
100012;BURDEOS;EMPAQUE;CAJAS WALTRADE;REG SUR;0;CAJA;G04;0.3887;0
100012;DON MARCE SUR 2;EMPAQUE;CAJAS WALTRADE;ORG SUR;1433.7536;CAJA;G04;0.3887;1
100012;LAS MARGARITAS;EMPAQUE;CAJAS WALTRADE;ORG SUR;1433.7536;CAJA;G04;0.3887;1
100012;LA CECILIA;EMPAQUE;CAJAS WALTRADE;ORG SUR;1433.7536;CAJA;G04;0.3887;1
100012;JOSEFINA;EMPAQUE;CAJAS WALTRADE;ORG SUR;1433.7536;CAJA;G04;0.3887;1
100012;SAN ALFREDO;EMPAQUE;CAJAS WALTRADE;ORG SUR;1433.7536;CAJA;G04;0.3887;1
100012;VICTORIA;EMPAQUE;CAJAS WALTRADE;ORG SUR;1433.7536;CAJA;G04;0.3887;1
100012;CIRCASIA;EMPAQUE;CAJAS WALTRADE;ORG SUR;1433.7536;CAJA;G04;0.3887;1
100012;CIÉNAGA;EMPAQUE;CAJAS WALTRADE;ORG SUR;1433.7536;CAJA;G04;0.3887;1
100012;MARÍA;EMPAQUE;CAJAS WALTRADE;ORG SUR;1433.7536;CAJA;G04;0.3887;1
100012;REMANSO;EMPAQUE;CAJAS WALTRADE;ORG SUR;1433.7536;CAJA;G04;0.3887;1
100012;PIEDECUESTA;EMPAQUE;CAJAS WALTRADE;ORG SUR;1433.7536;CAJA;G04;0.3887;1
100012;NÁUTICA;EMPAQUE;CAJAS WALTRADE;CESAR;0;CAJA;G05;0.3887;1
100012;LAS LINAS;EMPAQUE;CAJAS WALTRADE;LINAS;837.74048;CAJA;G04;0.3887;1
100012;DON ALÍ;EMPAQUE;CAJAS WALTRADE;ORG NORTE;837.74048;CAJA;G04;0.3887;1
100012;DR4 DON ALÍ;EMPAQUE;CAJAS WALTRADE;ORG NORTE;837.74048;CAJA;G04;0.3887;1
100012;DON CARLOS;EMPAQUE;CAJAS WALTRADE;CONT02;937.74048;CAJA;G04;0.3887;1
100012;EVA NORTE;EMPAQUE;CAJAS WALTRADE;ORG NORTE;837.74048;CAJA;G05;0.3887;1
100012;DON PEDRO;EMPAQUE;CAJAS WALTRADE;ORG NORTE;837.74048;CAJA;G04;0.3887;1
100012;LA VELA;EMPAQUE;CAJAS WALTRADE;ORG NORTE;837.74048;CAJA;G04;0.3887;1
100012;ESPERANZA;EMPAQUE;CAJAS WALTRADE;ORG NORTE;837.74048;CAJA;G04;0.3887;1
100012;LINA MARGARITA;EMPAQUE;CAJAS WALTRADE;PLAT;0;CAJA;G04;0.3887;1
100012;DON MARCE;EMPAQUE;CAJAS WALTRADE;PLAT;0;CAJA;G04;0.3887;1
100013;ENANO;EMPAQUE;CAJAS MIGROS;REG SUR;1529.92;CAJA;G04;0.3887;1
100013;EVA;EMPAQUE;CAJAS MIGROS;REG SUR;1529.92;CAJA;G04;0.3887;1
100013;SAMI;EMPAQUE;CAJAS MIGROS;REG SUR;1529.92;CAJA;G04;0.3887;1
100013;VEGA;EMPAQUE;CAJAS MIGROS;REG SUR;1529.92;CAJA;G04;0.3887;1
100013;FEDERICA;EMPAQUE;CAJAS MIGROS;REG SUR;1529.92;CAJA;G04;0.3887;1
100013;NEERLANDIA;EMPAQUE;CAJAS MIGROS;SG;1529.92;CAJA;G04;0.3887;1
100013;SAN ANTONIO;EMPAQUE;CAJAS MIGROS;SG;1529.92;CAJA;G04;0.3887;1
100013;MRS;EMPAQUE;CAJAS MIGROS;REG SUR;1529.92;CAJA;G04;0.3887;1
100013;DON FUAD;EMPAQUE;CAJAS MIGROS;REG SUR;1529.92;CAJA;G04;0.3887;1
100013;EUFEMIA;EMPAQUE;CAJAS MIGROS;EUF;1529.92;CAJA;G04;0.3887;0
100013;OLGA;EMPAQUE;CAJAS MIGROS;EUF;1529.92;CAJA;G04;0.3887;0
100013;DON SAID;EMPAQUE;CAJAS MIGROS;REG SUR;1529.92;CAJA;G04;0.3887;0
100013;ASUNTINA;EMPAQUE;CAJAS MIGROS;REG SUR;1529.92;CAJA;G04;0.3887;0
100013;PORLAMAR;EMPAQUE;CAJAS MIGROS;REG SUR;1529.92;CAJA;G05;0.3887;0
100013;EL MORRO;EMPAQUE;CAJAS MIGROS;REG SUR;1529.92;CAJA;G04;0.3887;0
100013;LA PERLA;EMPAQUE;CAJAS MIGROS;REG SUR;1529.92;CAJA;G04;0.3887;0
100013;ARACATACA;EMPAQUE;CAJAS MIGROS;REG SUR;1529.92;CAJA;G05;0.3887;0
100013;BOCATOMA;EMPAQUE;CAJAS MIGROS;REG SUR;1529.92;CAJA;G04;0.3887;0
100013;JOYA;EMPAQUE;CAJAS MIGROS;REG SUR;1529.92;CAJA;G04;0.3887;0
100013;ESMERALDA;EMPAQUE;CAJAS MIGROS;REG SUR;1529.92;CAJA;G04;0.3887;0
100013;NARANJOS;EMPAQUE;CAJAS MIGROS;REG SUR;1529.92;CAJA;G04;0.3887;0
100013;YUNQUE;EMPAQUE;CAJAS MIGROS;REG SUR;1529.92;CAJA;G04;0.3887;0
100013;DONAMA;EMPAQUE;CAJAS MIGROS;REG SUR;1529.92;CAJA;G04;0.3887;0
100013;BURDEOS;EMPAQUE;CAJAS MIGROS;REG SUR;1529.92;CAJA;G04;0.3887;0
100013;DON MARCE SUR 2;EMPAQUE;CAJAS MIGROS;ORG SUR;0;CAJA;G04;0.3887;0
100013;LAS MARGARITAS;EMPAQUE;CAJAS MIGROS;ORG SUR;0;CAJA;G04;0.3887;0
100013;LA CECILIA;EMPAQUE;CAJAS MIGROS;ORG SUR;0;CAJA;G04;0.3887;0
100013;JOSEFINA;EMPAQUE;CAJAS MIGROS;ORG SUR;0;CAJA;G04;0.3887;0
100013;SAN ALFREDO;EMPAQUE;CAJAS MIGROS;ORG SUR;0;CAJA;G04;0.3887;0
100013;VICTORIA;EMPAQUE;CAJAS MIGROS;ORG SUR;0;CAJA;G04;0.3887;0
100013;CIRCASIA;EMPAQUE;CAJAS MIGROS;ORG SUR;0;CAJA;G04;0.3887;0
100013;CIÉNAGA;EMPAQUE;CAJAS MIGROS;ORG SUR;0;CAJA;G04;0.3887;0
100013;MARÍA;EMPAQUE;CAJAS MIGROS;ORG SUR;0;CAJA;G04;0.3887;0
100013;REMANSO;EMPAQUE;CAJAS MIGROS;ORG SUR;0;CAJA;G04;0.3887;0
100013;PIEDECUESTA;EMPAQUE;CAJAS MIGROS;ORG SUR;0;CAJA;G04;0.3887;0
100013;NÁUTICA;EMPAQUE;CAJAS MIGROS;CESAR;0;CAJA;G05;0.3887;0
100013;LAS LINAS;EMPAQUE;CAJAS MIGROS;LINAS;1529.92;CAJA;G04;0.3887;1
100013;DON ALÍ;EMPAQUE;CAJAS MIGROS;ORG NORTE;1529.92;CAJA;G04;0.3887;1
100013;DR4 DON ALÍ;EMPAQUE;CAJAS MIGROS;ORG NORTE;1529.92;CAJA;G04;0.3887;1
100013;DON CARLOS;EMPAQUE;CAJAS MIGROS;ORG NORTE;1529.92;CAJA;G04;0.3887;1
100013;EVA NORTE;EMPAQUE;CAJAS MIGROS;ORG NORTE;1529.92;CAJA;G05;0.3887;1
100013;DON PEDRO;EMPAQUE;CAJAS MIGROS;ORG NORTE;1529.92;CAJA;G04;0.3887;1
100013;LA VELA;EMPAQUE;CAJAS MIGROS;ORG NORTE;1529.92;CAJA;G04;0.3887;1
100013;ESPERANZA;EMPAQUE;CAJAS MIGROS;ORG NORTE;1529.92;CAJA;G04;0.3887;1
100013;LINA MARGARITA;EMPAQUE;CAJAS MIGROS;PLAT;0;CAJA;G04;0.3887;1
100013;DON MARCE;EMPAQUE;CAJAS MIGROS;PLAT;0;CAJA;G04;0.3887;1
100014;ENANO;EMPAQUE;HECHURA DE CAJAS X CONTRATO        ;REG SUR;0;CAJA;G04;0.3887;0
100014;EVA;EMPAQUE;HECHURA DE CAJAS X CONTRATO        ;REG SUR;0;CAJA;G04;0.3887;0
100014;SAMI;EMPAQUE;HECHURA DE CAJAS X CONTRATO        ;REG SUR;0;CAJA;G04;0.3887;0
100014;VEGA;EMPAQUE;HECHURA DE CAJAS X CONTRATO        ;REG SUR;0;CAJA;G04;0.3887;0
100014;FEDERICA;EMPAQUE;HECHURA DE CAJAS X CONTRATO        ;REG SUR;0;CAJA;G04;0.3887;0
100014;NEERLANDIA;EMPAQUE;HECHURA DE CAJAS X CONTRATO        ;SG;0;CAJA;G04;0.3887;0
100014;SAN ANTONIO;EMPAQUE;HECHURA DE CAJAS X CONTRATO        ;SG;0;CAJA;G04;0.3887;0
100014;MRS;EMPAQUE;HECHURA DE CAJAS X CONTRATO        ;REG SUR;0;CAJA;G04;0.3887;0
100014;DON FUAD;EMPAQUE;HECHURA DE CAJAS X CONTRATO        ;REG SUR;0;CAJA;G04;0.3887;0
100014;EUFEMIA;EMPAQUE;HECHURA DE CAJAS X CONTRATO        ;EUF;0;CAJA;G04;0.3887;0
100014;OLGA;EMPAQUE;HECHURA DE CAJAS X CONTRATO        ;EUF;0;CAJA;G04;0.3887;0
100014;DON SAID;EMPAQUE;HECHURA DE CAJAS X CONTRATO        ;REG SUR;0;CAJA;G04;0.3887;0
100014;ASUNTINA;EMPAQUE;HECHURA DE CAJAS X CONTRATO        ;REG SUR;0;CAJA;G04;0.3887;0
100014;PORLAMAR;EMPAQUE;HECHURA DE CAJAS X CONTRATO        ;REG SUR;0;CAJA;G05;0.3887;0
100014;EL MORRO;EMPAQUE;HECHURA DE CAJAS X CONTRATO        ;REG SUR;0;CAJA;G04;0.3887;0
100014;LA PERLA;EMPAQUE;HECHURA DE CAJAS X CONTRATO        ;REG SUR;0;CAJA;G04;0.3887;0
100014;ARACATACA;EMPAQUE;HECHURA DE CAJAS X CONTRATO        ;REG SUR;0;CAJA;G05;0.3887;0
100014;BOCATOMA;EMPAQUE;HECHURA DE CAJAS X CONTRATO        ;REG SUR;0;CAJA;G04;0.3887;0
100014;JOYA;EMPAQUE;HECHURA DE CAJAS X CONTRATO        ;REG SUR;0;CAJA;G04;0.3887;0
100014;ESMERALDA;EMPAQUE;HECHURA DE CAJAS X CONTRATO        ;REG SUR;0;CAJA;G04;0.3887;0
100014;NARANJOS;EMPAQUE;HECHURA DE CAJAS X CONTRATO        ;REG SUR;0;CAJA;G04;0.3887;0
100014;YUNQUE;EMPAQUE;HECHURA DE CAJAS X CONTRATO        ;REG SUR;0;CAJA;G04;0.3887;0
100014;DONAMA;EMPAQUE;HECHURA DE CAJAS X CONTRATO        ;REG SUR;0;CAJA;G04;0.3887;0
100014;BURDEOS;EMPAQUE;HECHURA DE CAJAS X CONTRATO        ;REG SUR;0;CAJA;G04;0.3887;0
100014;DON MARCE SUR 2;EMPAQUE;HECHURA DE CAJAS X CONTRATO        ;ORG SUR;0;CAJA;G04;0.3887;0
100014;LAS MARGARITAS;EMPAQUE;HECHURA DE CAJAS X CONTRATO        ;ORG SUR;0;CAJA;G04;0.3887;0
100014;LA CECILIA;EMPAQUE;HECHURA DE CAJAS X CONTRATO        ;ORG SUR;0;CAJA;G04;0.3887;0
100014;JOSEFINA;EMPAQUE;HECHURA DE CAJAS X CONTRATO        ;ORG SUR;0;CAJA;G04;0.3887;0
100014;SAN ALFREDO;EMPAQUE;HECHURA DE CAJAS X CONTRATO        ;ORG SUR;0;CAJA;G04;0.3887;0
100014;VICTORIA;EMPAQUE;HECHURA DE CAJAS X CONTRATO        ;ORG SUR;0;CAJA;G04;0.3887;0
100014;CIRCASIA;EMPAQUE;HECHURA DE CAJAS X CONTRATO        ;ORG SUR;0;CAJA;G04;0.3887;0
100014;CIÉNAGA;EMPAQUE;HECHURA DE CAJAS X CONTRATO        ;ORG SUR;0;CAJA;G04;0.3887;0
100014;MARÍA;EMPAQUE;HECHURA DE CAJAS X CONTRATO        ;ORG SUR;0;CAJA;G04;0.3887;0
100014;REMANSO;EMPAQUE;HECHURA DE CAJAS X CONTRATO        ;ORG SUR;0;CAJA;G04;0.3887;0
100014;PIEDECUESTA;EMPAQUE;HECHURA DE CAJAS X CONTRATO        ;ORG SUR;0;CAJA;G04;0.3887;0
100014;NÁUTICA;EMPAQUE;HECHURA DE CAJAS X CONTRATO        ;CESAR;0;CAJA;G05;0.3887;0
100014;LAS LINAS;EMPAQUE;HECHURA DE CAJAS X CONTRATO        ;LINAS;56.8256;CAJA;G04;0.3887;1
100014;DON ALÍ;EMPAQUE;HECHURA DE CAJAS X CONTRATO        ;ORG NORTE;56.8256;CAJA;G04;0.3887;1
100014;DR4 DON ALÍ;EMPAQUE;HECHURA DE CAJAS X CONTRATO        ;ORG NORTE;56.8256;CAJA;G04;0.3887;1
100014;DON CARLOS;EMPAQUE;HECHURA DE CAJAS X CONTRATO        ;ORG NORTE;56.8256;CAJA;G04;0.3887;1
100014;EVA NORTE;EMPAQUE;HECHURA DE CAJAS X CONTRATO        ;ORG NORTE;56.8256;CAJA;G05;0.3887;1
100014;DON PEDRO;EMPAQUE;HECHURA DE CAJAS X CONTRATO        ;ORG NORTE;56.8256;CAJA;G04;0.3887;1
100014;LA VELA;EMPAQUE;HECHURA DE CAJAS X CONTRATO        ;ORG NORTE;56.8256;CAJA;G04;0.3887;1
100014;ESPERANZA;EMPAQUE;HECHURA DE CAJAS X CONTRATO        ;ORG NORTE;56.8256;CAJA;G04;0.3887;1
100014;LINA MARGARITA;EMPAQUE;HECHURA DE CAJAS X CONTRATO        ;PLAT;0;CAJA;G04;0.3887;1
100014;DON MARCE;EMPAQUE;HECHURA DE CAJAS X CONTRATO        ;PLAT;0;CAJA;G04;0.3887;1
100015;ENANO;EMPAQUE;TRAZABILIDAD;REG SUR;0;CAJA;G04;0.3887;0
100015;EVA;EMPAQUE;TRAZABILIDAD;REG SUR;0;CAJA;G04;0.3887;0
100015;SAMI;EMPAQUE;TRAZABILIDAD;REG SUR;0;CAJA;G04;0.3887;0
100015;VEGA;EMPAQUE;TRAZABILIDAD;REG SUR;0;CAJA;G04;0.3887;0
100015;FEDERICA;EMPAQUE;TRAZABILIDAD;REG SUR;0;CAJA;G04;0.3887;0
100015;NEERLANDIA;EMPAQUE;TRAZABILIDAD;SG;0;CAJA;G04;0.3887;0
100015;SAN ANTONIO;EMPAQUE;TRAZABILIDAD;SG;0;CAJA;G04;0.3887;0
100015;MRS;EMPAQUE;TRAZABILIDAD;REG SUR;0;CAJA;G04;0.3887;0
100015;DON FUAD;EMPAQUE;TRAZABILIDAD;REG SUR;0;CAJA;G04;0.3887;0
100015;EUFEMIA;EMPAQUE;TRAZABILIDAD;EUF;0;CAJA;G04;0.3887;0
100015;OLGA;EMPAQUE;TRAZABILIDAD;EUF;0;CAJA;G04;0.3887;0
100015;DON SAID;EMPAQUE;TRAZABILIDAD;REG SUR;0;CAJA;G04;0.3887;0
100015;ASUNTINA;EMPAQUE;TRAZABILIDAD;REG SUR;0;CAJA;G04;0.3887;0
100015;PORLAMAR;EMPAQUE;TRAZABILIDAD;REG SUR;0;CAJA;G05;0.3887;0
100015;EL MORRO;EMPAQUE;TRAZABILIDAD;REG SUR;0;CAJA;G04;0.3887;0
100015;LA PERLA;EMPAQUE;TRAZABILIDAD;REG SUR;0;CAJA;G04;0.3887;0
100015;ARACATACA;EMPAQUE;TRAZABILIDAD;REG SUR;0;CAJA;G05;0.3887;0
100015;BOCATOMA;EMPAQUE;TRAZABILIDAD;REG SUR;0;CAJA;G04;0.3887;0
100015;JOYA;EMPAQUE;TRAZABILIDAD;REG SUR;0;CAJA;G04;0.3887;0
100015;ESMERALDA;EMPAQUE;TRAZABILIDAD;REG SUR;0;CAJA;G04;0.3887;0
100015;NARANJOS;EMPAQUE;TRAZABILIDAD;REG SUR;0;CAJA;G04;0.3887;0
100015;YUNQUE;EMPAQUE;TRAZABILIDAD;REG SUR;0;CAJA;G04;0.3887;0
100015;DONAMA;EMPAQUE;TRAZABILIDAD;REG SUR;0;CAJA;G04;0.3887;0
100015;BURDEOS;EMPAQUE;TRAZABILIDAD;REG SUR;0;CAJA;G04;0.3887;0
100015;DON MARCE SUR 2;EMPAQUE;TRAZABILIDAD;ORG SUR;0;CAJA;G04;0.3887;0
100015;LAS MARGARITAS;EMPAQUE;TRAZABILIDAD;ORG SUR;0;CAJA;G04;0.3887;0
100015;LA CECILIA;EMPAQUE;TRAZABILIDAD;ORG SUR;0;CAJA;G04;0.3887;0
100015;JOSEFINA;EMPAQUE;TRAZABILIDAD;ORG SUR;0;CAJA;G04;0.3887;0
100015;SAN ALFREDO;EMPAQUE;TRAZABILIDAD;ORG SUR;0;CAJA;G04;0.3887;0
100015;VICTORIA;EMPAQUE;TRAZABILIDAD;ORG SUR;0;CAJA;G04;0.3887;0
100015;CIRCASIA;EMPAQUE;TRAZABILIDAD;ORG SUR;0;CAJA;G04;0.3887;0
100015;CIÉNAGA;EMPAQUE;TRAZABILIDAD;ORG SUR;0;CAJA;G04;0.3887;0
100015;MARÍA;EMPAQUE;TRAZABILIDAD;ORG SUR;0;CAJA;G04;0.3887;0
100015;REMANSO;EMPAQUE;TRAZABILIDAD;ORG SUR;0;CAJA;G04;0.3887;0
100015;PIEDECUESTA;EMPAQUE;TRAZABILIDAD;ORG SUR;0;CAJA;G04;0.3887;0
100015;NÁUTICA;EMPAQUE;TRAZABILIDAD;CESAR;0;CAJA;G05;0.3887;0
100015;LAS LINAS;EMPAQUE;TRAZABILIDAD;LINAS;7.168768;CAJA;G04;0.3887;0
100015;DON ALÍ;EMPAQUE;TRAZABILIDAD;ORG NORTE;7.168768;CAJA;G04;0.3887;1
100015;DR4 DON ALÍ;EMPAQUE;TRAZABILIDAD;ORG NORTE;7.168768;CAJA;G04;0.3887;0.55
100015;DON CARLOS;EMPAQUE;TRAZABILIDAD;ORG NORTE;7.168768;CAJA;G04;0.3887;1
100015;EVA NORTE;EMPAQUE;TRAZABILIDAD;ORG NORTE;7.168768;CAJA;G05;0.3887;1
100015;DON PEDRO;EMPAQUE;TRAZABILIDAD;ORG NORTE;7.168768;CAJA;G04;0.3887;1
100015;LA VELA;EMPAQUE;TRAZABILIDAD;ORG NORTE;7.168768;CAJA;G04;0.3887;1
100015;ESPERANZA;EMPAQUE;TRAZABILIDAD;ORG NORTE;7.168768;CAJA;G04;0.3887;1
100015;LINA MARGARITA;EMPAQUE;TRAZABILIDAD;PLAT;0;CAJA;G04;0.3887;1
100015;DON MARCE;EMPAQUE;TRAZABILIDAD;PLAT;0;CAJA;G04;0.3887;1
100016;ENANO;EMPAQUE;APERTURA BOLSA EMPAQUE X CONT          ;REG SUR;0;CAJA;G04;0.3887;0
100016;EVA;EMPAQUE;APERTURA BOLSA EMPAQUE X CONT          ;REG SUR;0;CAJA;G04;0.3887;0
100016;SAMI;EMPAQUE;APERTURA BOLSA EMPAQUE X CONT          ;REG SUR;0;CAJA;G04;0.3887;0
100016;VEGA;EMPAQUE;APERTURA BOLSA EMPAQUE X CONT          ;REG SUR;0;CAJA;G04;0.3887;0
100016;FEDERICA;EMPAQUE;APERTURA BOLSA EMPAQUE X CONT          ;REG SUR;0;CAJA;G04;0.3887;0
100016;NEERLANDIA;EMPAQUE;APERTURA BOLSA EMPAQUE X CONT          ;SG;0;CAJA;G04;0.3887;0
100016;SAN ANTONIO;EMPAQUE;APERTURA BOLSA EMPAQUE X CONT          ;SG;0;CAJA;G04;0.3887;0
100016;MRS;EMPAQUE;APERTURA BOLSA EMPAQUE X CONT          ;REG SUR;0;CAJA;G04;0.3887;0
100016;DON FUAD;EMPAQUE;APERTURA BOLSA EMPAQUE X CONT          ;REG SUR;0;CAJA;G04;0.3887;0
100016;EUFEMIA;EMPAQUE;APERTURA BOLSA EMPAQUE X CONT          ;EUF;0;CAJA;G04;0.3887;0
100016;OLGA;EMPAQUE;APERTURA BOLSA EMPAQUE X CONT          ;EUF;0;CAJA;G04;0.3887;0
100016;DON SAID;EMPAQUE;APERTURA BOLSA EMPAQUE X CONT          ;REG SUR;0;CAJA;G04;0.3887;0
100016;ASUNTINA;EMPAQUE;APERTURA BOLSA EMPAQUE X CONT          ;REG SUR;0;CAJA;G04;0.3887;0
100016;PORLAMAR;EMPAQUE;APERTURA BOLSA EMPAQUE X CONT          ;REG SUR;0;CAJA;G05;0.3887;0
100016;EL MORRO;EMPAQUE;APERTURA BOLSA EMPAQUE X CONT          ;REG SUR;0;CAJA;G04;0.3887;0
100016;LA PERLA;EMPAQUE;APERTURA BOLSA EMPAQUE X CONT          ;REG SUR;0;CAJA;G04;0.3887;0
100016;ARACATACA;EMPAQUE;APERTURA BOLSA EMPAQUE X CONT          ;REG SUR;0;CAJA;G05;0.3887;0
100016;BOCATOMA;EMPAQUE;APERTURA BOLSA EMPAQUE X CONT          ;REG SUR;0;CAJA;G04;0.3887;0
100016;JOYA;EMPAQUE;APERTURA BOLSA EMPAQUE X CONT          ;REG SUR;0;CAJA;G04;0.3887;0
100016;ESMERALDA;EMPAQUE;APERTURA BOLSA EMPAQUE X CONT          ;REG SUR;0;CAJA;G04;0.3887;0
100016;NARANJOS;EMPAQUE;APERTURA BOLSA EMPAQUE X CONT          ;REG SUR;0;CAJA;G04;0.3887;0
100016;YUNQUE;EMPAQUE;APERTURA BOLSA EMPAQUE X CONT          ;REG SUR;0;CAJA;G04;0.3887;0
100016;DONAMA;EMPAQUE;APERTURA BOLSA EMPAQUE X CONT          ;REG SUR;0;CAJA;G04;0.3887;0
100016;BURDEOS;EMPAQUE;APERTURA BOLSA EMPAQUE X CONT          ;REG SUR;0;CAJA;G04;0.3887;0
100016;DON MARCE SUR 2;EMPAQUE;APERTURA BOLSA EMPAQUE X CONT          ;ORG SUR;0;CAJA;G04;0.3887;0
100016;LAS MARGARITAS;EMPAQUE;APERTURA BOLSA EMPAQUE X CONT          ;ORG SUR;0;CAJA;G04;0.3887;0
100016;LA CECILIA;EMPAQUE;APERTURA BOLSA EMPAQUE X CONT          ;ORG SUR;0;CAJA;G04;0.3887;0
100016;JOSEFINA;EMPAQUE;APERTURA BOLSA EMPAQUE X CONT          ;ORG SUR;0;CAJA;G04;0.3887;0
100016;SAN ALFREDO;EMPAQUE;APERTURA BOLSA EMPAQUE X CONT          ;ORG SUR;0;CAJA;G04;0.3887;0
100016;VICTORIA;EMPAQUE;APERTURA BOLSA EMPAQUE X CONT          ;ORG SUR;0;CAJA;G04;0.3887;0
100016;CIRCASIA;EMPAQUE;APERTURA BOLSA EMPAQUE X CONT          ;ORG SUR;0;CAJA;G04;0.3887;0
100016;CIÉNAGA;EMPAQUE;APERTURA BOLSA EMPAQUE X CONT          ;ORG SUR;0;CAJA;G04;0.3887;0
100016;MARÍA;EMPAQUE;APERTURA BOLSA EMPAQUE X CONT          ;ORG SUR;0;CAJA;G04;0.3887;0
100016;REMANSO;EMPAQUE;APERTURA BOLSA EMPAQUE X CONT          ;ORG SUR;0;CAJA;G04;0.3887;0
100016;PIEDECUESTA;EMPAQUE;APERTURA BOLSA EMPAQUE X CONT          ;ORG SUR;0;CAJA;G04;0.3887;0
100016;NÁUTICA;EMPAQUE;APERTURA BOLSA EMPAQUE X CONT          ;CESAR;0;CAJA;G05;0.3887;0
100016;LAS LINAS;EMPAQUE;APERTURA BOLSA EMPAQUE X CONT          ;LINAS;13.594432;CAJA;G04;0.3887;1
100016;DON ALÍ;EMPAQUE;APERTURA BOLSA EMPAQUE X CONT          ;ORG NORTE;13.594432;CAJA;G04;0.3887;1
100016;DR4 DON ALÍ;EMPAQUE;APERTURA BOLSA EMPAQUE X CONT          ;ORG NORTE;13.594432;CAJA;G04;0.3887;1
100016;DON CARLOS;EMPAQUE;APERTURA BOLSA EMPAQUE X CONT          ;ORG NORTE;13.594432;CAJA;G04;0.3887;1
100016;EVA NORTE;EMPAQUE;APERTURA BOLSA EMPAQUE X CONT          ;ORG NORTE;13.594432;CAJA;G05;0.3887;1
100016;DON PEDRO;EMPAQUE;APERTURA BOLSA EMPAQUE X CONT          ;ORG NORTE;13.594432;CAJA;G04;0.3887;1
100016;LA VELA;EMPAQUE;APERTURA BOLSA EMPAQUE X CONT          ;ORG NORTE;13.594432;CAJA;G04;0.3887;1
100016;ESPERANZA;EMPAQUE;APERTURA BOLSA EMPAQUE X CONT          ;ORG NORTE;13.594432;CAJA;G04;0.3887;1
100016;LINA MARGARITA;EMPAQUE;APERTURA BOLSA EMPAQUE X CONT          ;PLAT;0;CAJA;G04;0.3887;1
100016;DON MARCE;EMPAQUE;APERTURA BOLSA EMPAQUE X CONT          ;PLAT;0;CAJA;G04;0.3887;1
100017;ENANO;EMPAQUE;COLOCACION PLASTIDOL               ;REG SUR;0;CAJA;G04;0.3887;0
100017;EVA;EMPAQUE;COLOCACION PLASTIDOL               ;REG SUR;0;CAJA;G04;0.3887;0
100017;SAMI;EMPAQUE;COLOCACION PLASTIDOL               ;REG SUR;0;CAJA;G04;0.3887;0
100017;VEGA;EMPAQUE;COLOCACION PLASTIDOL               ;REG SUR;0;CAJA;G04;0.3887;0
100017;FEDERICA;EMPAQUE;COLOCACION PLASTIDOL               ;REG SUR;0;CAJA;G04;0.3887;0
100017;NEERLANDIA;EMPAQUE;COLOCACION PLASTIDOL               ;SG;0;CAJA;G04;0.3887;0
100017;SAN ANTONIO;EMPAQUE;COLOCACION PLASTIDOL               ;SG;0;CAJA;G04;0.3887;0
100017;MRS;EMPAQUE;COLOCACION PLASTIDOL               ;REG SUR;0;CAJA;G04;0.3887;0
100017;DON FUAD;EMPAQUE;COLOCACION PLASTIDOL               ;REG SUR;0;CAJA;G04;0.3887;0
100017;EUFEMIA;EMPAQUE;COLOCACION PLASTIDOL               ;EUF;0;CAJA;G04;0.3887;0
100017;OLGA;EMPAQUE;COLOCACION PLASTIDOL               ;EUF;0;CAJA;G04;0.3887;0
100017;DON SAID;EMPAQUE;COLOCACION PLASTIDOL               ;REG SUR;0;CAJA;G04;0.3887;0
100017;ASUNTINA;EMPAQUE;COLOCACION PLASTIDOL               ;REG SUR;0;CAJA;G04;0.3887;0
100017;PORLAMAR;EMPAQUE;COLOCACION PLASTIDOL               ;REG SUR;0;CAJA;G05;0.3887;0
100017;EL MORRO;EMPAQUE;COLOCACION PLASTIDOL               ;REG SUR;0;CAJA;G04;0.3887;0
100017;LA PERLA;EMPAQUE;COLOCACION PLASTIDOL               ;REG SUR;0;CAJA;G04;0.3887;0
100017;ARACATACA;EMPAQUE;COLOCACION PLASTIDOL               ;REG SUR;0;CAJA;G05;0.3887;0
100017;BOCATOMA;EMPAQUE;COLOCACION PLASTIDOL               ;REG SUR;0;CAJA;G04;0.3887;0
100017;JOYA;EMPAQUE;COLOCACION PLASTIDOL               ;REG SUR;0;CAJA;G04;0.3887;0
100017;ESMERALDA;EMPAQUE;COLOCACION PLASTIDOL               ;REG SUR;0;CAJA;G04;0.3887;0
100017;NARANJOS;EMPAQUE;COLOCACION PLASTIDOL               ;REG SUR;0;CAJA;G04;0.3887;0
100017;YUNQUE;EMPAQUE;COLOCACION PLASTIDOL               ;REG SUR;0;CAJA;G04;0.3887;0
100017;DONAMA;EMPAQUE;COLOCACION PLASTIDOL               ;REG SUR;0;CAJA;G04;0.3887;0
100017;BURDEOS;EMPAQUE;COLOCACION PLASTIDOL               ;REG SUR;0;CAJA;G04;0.3887;0
100017;DON MARCE SUR 2;EMPAQUE;COLOCACION PLASTIDOL               ;ORG SUR;0;CAJA;G04;0.3887;0
100017;LAS MARGARITAS;EMPAQUE;COLOCACION PLASTIDOL               ;ORG SUR;0;CAJA;G04;0.3887;0
100017;LA CECILIA;EMPAQUE;COLOCACION PLASTIDOL               ;ORG SUR;0;CAJA;G04;0.3887;0
100017;JOSEFINA;EMPAQUE;COLOCACION PLASTIDOL               ;ORG SUR;0;CAJA;G04;0.3887;0
100017;SAN ALFREDO;EMPAQUE;COLOCACION PLASTIDOL               ;ORG SUR;0;CAJA;G04;0.3887;0
100017;VICTORIA;EMPAQUE;COLOCACION PLASTIDOL               ;ORG SUR;0;CAJA;G04;0.3887;0
100017;CIRCASIA;EMPAQUE;COLOCACION PLASTIDOL               ;ORG SUR;0;CAJA;G04;0.3887;0
100017;CIÉNAGA;EMPAQUE;COLOCACION PLASTIDOL               ;ORG SUR;0;CAJA;G04;0.3887;0
100017;MARÍA;EMPAQUE;COLOCACION PLASTIDOL               ;ORG SUR;0;CAJA;G04;0.3887;0
100017;REMANSO;EMPAQUE;COLOCACION PLASTIDOL               ;ORG SUR;0;CAJA;G04;0.3887;0
100017;PIEDECUESTA;EMPAQUE;COLOCACION PLASTIDOL               ;ORG SUR;0;CAJA;G04;0.3887;0
100017;NÁUTICA;EMPAQUE;COLOCACION PLASTIDOL               ;CESAR;0;CAJA;G05;0.3887;0
100017;LAS LINAS;EMPAQUE;COLOCACION PLASTIDOL               ;LINAS;59.186048;CAJA;G04;0.3887;1
100017;DON ALÍ;EMPAQUE;COLOCACION PLASTIDOL               ;ORG NORTE;59.186048;CAJA;G04;0.3887;1
100017;DR4 DON ALÍ;EMPAQUE;COLOCACION PLASTIDOL               ;ORG NORTE;59.186048;CAJA;G04;0.3887;1
100017;DON CARLOS;EMPAQUE;COLOCACION PLASTIDOL               ;ORG NORTE;59.186048;CAJA;G04;0.3887;1
100017;EVA NORTE;EMPAQUE;COLOCACION PLASTIDOL               ;ORG NORTE;59.186048;CAJA;G05;0.3887;1
100017;DON PEDRO;EMPAQUE;COLOCACION PLASTIDOL               ;ORG NORTE;59.186048;CAJA;G04;0.3887;1
100017;LA VELA;EMPAQUE;COLOCACION PLASTIDOL               ;ORG NORTE;59.186048;CAJA;G04;0.3887;1
100017;ESPERANZA;EMPAQUE;COLOCACION PLASTIDOL               ;ORG NORTE;59.186048;CAJA;G04;0.3887;1
100017;LINA MARGARITA;EMPAQUE;COLOCACION PLASTIDOL               ;PLAT;0;CAJA;G04;0.3887;1
100017;DON MARCE;EMPAQUE;COLOCACION PLASTIDOL               ;PLAT;0;CAJA;G04;0.3887;1
100018;ENANO;EMPAQUE;ORGANIZADOR DE CANASTILLA ;REG SUR;0;CAJA;G04;0.3887;0
100018;EVA;EMPAQUE;ORGANIZADOR DE CANASTILLA ;REG SUR;0;CAJA;G04;0.3887;0
100018;SAMI;EMPAQUE;ORGANIZADOR DE CANASTILLA ;REG SUR;0;CAJA;G04;0.3887;0
100018;VEGA;EMPAQUE;ORGANIZADOR DE CANASTILLA ;REG SUR;0;CAJA;G04;0.3887;0
100018;FEDERICA;EMPAQUE;ORGANIZADOR DE CANASTILLA ;REG SUR;0;CAJA;G04;0.3887;0
100018;NEERLANDIA;EMPAQUE;ORGANIZADOR DE CANASTILLA ;SG;0;CAJA;G04;0.3887;0
100018;SAN ANTONIO;EMPAQUE;ORGANIZADOR DE CANASTILLA ;SG;0;CAJA;G04;0.3887;0
100018;MRS;EMPAQUE;ORGANIZADOR DE CANASTILLA ;REG SUR;0;CAJA;G04;0.3887;0
100018;DON FUAD;EMPAQUE;ORGANIZADOR DE CANASTILLA ;REG SUR;0;CAJA;G04;0.3887;0
100018;EUFEMIA;EMPAQUE;ORGANIZADOR DE CANASTILLA ;EUF;0;CAJA;G04;0.3887;0
100018;OLGA;EMPAQUE;ORGANIZADOR DE CANASTILLA ;EUF;0;CAJA;G04;0.3887;0
100018;DON SAID;EMPAQUE;ORGANIZADOR DE CANASTILLA ;REG SUR;0;CAJA;G04;0.3887;0
100018;ASUNTINA;EMPAQUE;ORGANIZADOR DE CANASTILLA ;REG SUR;0;CAJA;G04;0.3887;0
100018;PORLAMAR;EMPAQUE;ORGANIZADOR DE CANASTILLA ;REG SUR;0;CAJA;G05;0.3887;0
100018;EL MORRO;EMPAQUE;ORGANIZADOR DE CANASTILLA ;REG SUR;0;CAJA;G04;0.3887;0
100018;LA PERLA;EMPAQUE;ORGANIZADOR DE CANASTILLA ;REG SUR;0;CAJA;G04;0.3887;0
100018;ARACATACA;EMPAQUE;ORGANIZADOR DE CANASTILLA ;REG SUR;0;CAJA;G05;0.3887;0
100018;BOCATOMA;EMPAQUE;ORGANIZADOR DE CANASTILLA ;REG SUR;0;CAJA;G04;0.3887;0
100018;JOYA;EMPAQUE;ORGANIZADOR DE CANASTILLA ;REG SUR;0;CAJA;G04;0.3887;0
100018;ESMERALDA;EMPAQUE;ORGANIZADOR DE CANASTILLA ;REG SUR;0;CAJA;G04;0.3887;0
100018;NARANJOS;EMPAQUE;ORGANIZADOR DE CANASTILLA ;REG SUR;0;CAJA;G04;0.3887;0
100018;YUNQUE;EMPAQUE;ORGANIZADOR DE CANASTILLA ;REG SUR;0;CAJA;G04;0.3887;0
100018;DONAMA;EMPAQUE;ORGANIZADOR DE CANASTILLA ;REG SUR;0;CAJA;G04;0.3887;0
100018;BURDEOS;EMPAQUE;ORGANIZADOR DE CANASTILLA ;REG SUR;0;CAJA;G04;0.3887;0
100018;DON MARCE SUR 2;EMPAQUE;ORGANIZADOR DE CANASTILLA ;ORG SUR;0;CAJA;G04;0.3887;0
100018;LAS MARGARITAS;EMPAQUE;ORGANIZADOR DE CANASTILLA ;ORG SUR;0;CAJA;G04;0.3887;0
100018;LA CECILIA;EMPAQUE;ORGANIZADOR DE CANASTILLA ;ORG SUR;0;CAJA;G04;0.3887;0
100018;JOSEFINA;EMPAQUE;ORGANIZADOR DE CANASTILLA ;ORG SUR;0;CAJA;G04;0.3887;0
100018;SAN ALFREDO;EMPAQUE;ORGANIZADOR DE CANASTILLA ;ORG SUR;0;CAJA;G04;0.3887;0
100018;VICTORIA;EMPAQUE;ORGANIZADOR DE CANASTILLA ;ORG SUR;0;CAJA;G04;0.3887;0
100018;CIRCASIA;EMPAQUE;ORGANIZADOR DE CANASTILLA ;ORG SUR;0;CAJA;G04;0.3887;0
100018;CIÉNAGA;EMPAQUE;ORGANIZADOR DE CANASTILLA ;ORG SUR;0;CAJA;G04;0.3887;0
100018;MARÍA;EMPAQUE;ORGANIZADOR DE CANASTILLA ;ORG SUR;0;CAJA;G04;0.3887;0
100018;REMANSO;EMPAQUE;ORGANIZADOR DE CANASTILLA ;ORG SUR;0;CAJA;G04;0.3887;0
100018;PIEDECUESTA;EMPAQUE;ORGANIZADOR DE CANASTILLA ;ORG SUR;0;CAJA;G04;0.3887;0
100018;NÁUTICA;EMPAQUE;ORGANIZADOR DE CANASTILLA ;CESAR;0;CAJA;G05;0.3887;0
100018;LAS LINAS;EMPAQUE;ORGANIZADOR DE CANASTILLA ;LINAS;37.1552;CAJA;G04;0.3887;1
100018;DON ALÍ;EMPAQUE;ORGANIZADOR DE CANASTILLA ;ORG NORTE;37.1552;CAJA;G04;0.3887;1
100018;DR4 DON ALÍ;EMPAQUE;ORGANIZADOR DE CANASTILLA ;ORG NORTE;37.1552;CAJA;G04;0.3887;1
100018;DON CARLOS;EMPAQUE;ORGANIZADOR DE CANASTILLA ;ORG NORTE;37.1552;CAJA;G04;0.3887;1
100018;EVA NORTE;EMPAQUE;ORGANIZADOR DE CANASTILLA ;ORG NORTE;37.1552;CAJA;G05;0.3887;1
100018;DON PEDRO;EMPAQUE;ORGANIZADOR DE CANASTILLA ;ORG NORTE;37.1552;CAJA;G04;0.3887;1
100018;LA VELA;EMPAQUE;ORGANIZADOR DE CANASTILLA ;ORG NORTE;37.1552;CAJA;G04;0.3887;1
100018;ESPERANZA;EMPAQUE;ORGANIZADOR DE CANASTILLA ;ORG NORTE;37.1552;CAJA;G04;0.3887;1
100018;LINA MARGARITA;EMPAQUE;ORGANIZADOR DE CANASTILLA ;PLAT;0;CAJA;G04;0.3887;1
100018;DON MARCE;EMPAQUE;ORGANIZADOR DE CANASTILLA ;PLAT;0;CAJA;G04;0.3887;1
100019;ENANO;EMPAQUE;CARGUE Y DESCARGUE DE CARTON    ;REG SUR;126.611808;UNIDAD;G04;0.3887;0.078571429
100019;EVA;EMPAQUE;CARGUE Y DESCARGUE DE CARTON    ;REG SUR;126.611808;UNIDAD;G04;0.3887;0.078571429
100019;SAMI;EMPAQUE;CARGUE Y DESCARGUE DE CARTON    ;REG SUR;126.611808;UNIDAD;G04;0.3887;0.078571429
100019;VEGA;EMPAQUE;CARGUE Y DESCARGUE DE CARTON    ;REG SUR;126.611808;UNIDAD;G04;0.3887;0.078571429
100019;FEDERICA;EMPAQUE;CARGUE Y DESCARGUE DE CARTON    ;REG SUR;126.611808;UNIDAD;G04;0.3887;0.078571429
100019;NEERLANDIA;EMPAQUE;CARGUE Y DESCARGUE DE CARTON    ;SG;132.960252;UNIDAD;G04;0.3887;0.078571429
100019;SAN ANTONIO;EMPAQUE;CARGUE Y DESCARGUE DE CARTON    ;SG;132.960252;UNIDAD;G04;0.3887;0.078571429
100019;MRS;EMPAQUE;CARGUE Y DESCARGUE DE CARTON    ;REG SUR;126.611808;UNIDAD;G04;0.3887;0.078571429
100019;DON FUAD;EMPAQUE;CARGUE Y DESCARGUE DE CARTON    ;REG SUR;126.611808;UNIDAD;G04;0.3887;0.078571429
100019;EUFEMIA;EMPAQUE;CARGUE Y DESCARGUE DE CARTON    ;EUF;11.23861714;UNIDAD;G04;0.3887;1
100019;OLGA;EMPAQUE;CARGUE Y DESCARGUE DE CARTON    ;EUF;11.23861714;UNIDAD;G04;0.3887;1
100019;DON SAID;EMPAQUE;CARGUE Y DESCARGUE DE CARTON    ;REG SUR;126.611808;UNIDAD;G04;0.3887;0.078571429
100019;ASUNTINA;EMPAQUE;CARGUE Y DESCARGUE DE CARTON    ;REG SUR;126.611808;UNIDAD;G04;0.3887;0.078571429
100019;PORLAMAR;EMPAQUE;CARGUE Y DESCARGUE DE CARTON    ;REG SUR;126.611808;UNIDAD;G05;0.3887;0.078571429
100019;EL MORRO;EMPAQUE;CARGUE Y DESCARGUE DE CARTON    ;REG SUR;126.611808;UNIDAD;G04;0.3887;0.078571429
100019;LA PERLA;EMPAQUE;CARGUE Y DESCARGUE DE CARTON    ;REG SUR;126.611808;UNIDAD;G04;0.3887;0.078571429
100019;ARACATACA;EMPAQUE;CARGUE Y DESCARGUE DE CARTON    ;REG SUR;126.611808;UNIDAD;G05;0.3887;0.078571429
100019;BOCATOMA;EMPAQUE;CARGUE Y DESCARGUE DE CARTON    ;REG SUR;126.611808;UNIDAD;G04;0.3887;0.078571429
100019;JOYA;EMPAQUE;CARGUE Y DESCARGUE DE CARTON    ;REG SUR;126.611808;UNIDAD;G04;0.3887;0.078571429
100019;ESMERALDA;EMPAQUE;CARGUE Y DESCARGUE DE CARTON    ;REG SUR;126.611808;UNIDAD;G04;0.3887;0.078571429
100019;NARANJOS;EMPAQUE;CARGUE Y DESCARGUE DE CARTON    ;REG SUR;126.611808;UNIDAD;G04;0.3887;0.078571429
100019;YUNQUE;EMPAQUE;CARGUE Y DESCARGUE DE CARTON    ;REG SUR;126.611808;UNIDAD;G04;0.3887;0.078571429
100019;DONAMA;EMPAQUE;CARGUE Y DESCARGUE DE CARTON    ;REG SUR;126.611808;UNIDAD;G04;0.3887;0.078571429
100019;BURDEOS;EMPAQUE;CARGUE Y DESCARGUE DE CARTON    ;REG SUR;126.611808;UNIDAD;G04;0.3887;0.078571429
100019;DON MARCE SUR 2;EMPAQUE;CARGUE Y DESCARGUE DE CARTON    ;ORG SUR;126.611808;UNIDAD;G04;0.3887;0.078571429
100019;LAS MARGARITAS;EMPAQUE;CARGUE Y DESCARGUE DE CARTON    ;ORG SUR;126.611808;UNIDAD;G04;0.3887;0.078571429
100019;LA CECILIA;EMPAQUE;CARGUE Y DESCARGUE DE CARTON    ;ORG SUR;126.611808;UNIDAD;G04;0.3887;0.078571429
100019;JOSEFINA;EMPAQUE;CARGUE Y DESCARGUE DE CARTON    ;ORG SUR;126.611808;UNIDAD;G04;0.3887;0.078571429
100019;SAN ALFREDO;EMPAQUE;CARGUE Y DESCARGUE DE CARTON    ;ORG SUR;126.611808;UNIDAD;G04;0.3887;0.078571429
100019;VICTORIA;EMPAQUE;CARGUE Y DESCARGUE DE CARTON    ;ORG SUR;126.611808;UNIDAD;G04;0.3887;0.078571429
100019;CIRCASIA;EMPAQUE;CARGUE Y DESCARGUE DE CARTON    ;ORG SUR;126.611808;UNIDAD;G04;0.3887;0.078571429
100019;CIÉNAGA;EMPAQUE;CARGUE Y DESCARGUE DE CARTON    ;ORG SUR;126.611808;UNIDAD;G04;0.3887;0.078571429
100019;MARÍA;EMPAQUE;CARGUE Y DESCARGUE DE CARTON    ;ORG SUR;126.611808;UNIDAD;G04;0.3887;0.078571429
100019;REMANSO;EMPAQUE;CARGUE Y DESCARGUE DE CARTON    ;ORG SUR;126.611808;UNIDAD;G04;0.3887;0.078571429
100019;PIEDECUESTA;EMPAQUE;CARGUE Y DESCARGUE DE CARTON    ;ORG SUR;126.611808;UNIDAD;G04;0.3887;0.078571429
100019;NÁUTICA;EMPAQUE;CARGUE Y DESCARGUE DE CARTON    ;CESAR;126.611808;UNIDAD;G05;0.3887;0.078571429
100019;LAS LINAS;EMPAQUE;CARGUE Y DESCARGUE DE CARTON    ;LINAS;135.56184;UNIDAD;G04;0.3887;0.078571429
100019;DON ALÍ;EMPAQUE;CARGUE Y DESCARGUE DE CARTON    ;ORG NORTE;135.56184;UNIDAD;G04;0.3887;0.078571429
100019;DR4 DON ALÍ;EMPAQUE;CARGUE Y DESCARGUE DE CARTON    ;ORG NORTE;135.56184;UNIDAD;G04;0.3887;0.078571429
100019;DON CARLOS;EMPAQUE;CARGUE Y DESCARGUE DE CARTON    ;ORG NORTE;135.56184;UNIDAD;G04;0.3887;0.078571429
100019;EVA NORTE;EMPAQUE;CARGUE Y DESCARGUE DE CARTON    ;ORG NORTE;135.56184;UNIDAD;G05;0.3887;0.078571429
100019;DON PEDRO;EMPAQUE;CARGUE Y DESCARGUE DE CARTON    ;ORG NORTE;135.56184;UNIDAD;G04;0.3887;0.078571429
100019;LA VELA;EMPAQUE;CARGUE Y DESCARGUE DE CARTON    ;ORG NORTE;135.56184;UNIDAD;G04;0.3887;0.078571429
100019;ESPERANZA;EMPAQUE;CARGUE Y DESCARGUE DE CARTON    ;ORG NORTE;135.56184;UNIDAD;G04;0.3887;0.078571429
100019;LINA MARGARITA;EMPAQUE;CARGUE Y DESCARGUE DE CARTON    ;PLAT;126.60088;UNIDAD;G04;0.3887;0.078571429
100019;DON MARCE;EMPAQUE;CARGUE Y DESCARGUE DE CARTON    ;PLAT;126.60088;UNIDAD;G04;0.3887;0.078571429
100020;ENANO;EMPAQUE;OTROS EN EMPAQUE;REG SUR;6800;PROMEDIADO;G04;0.3887;0
100020;EVA;EMPAQUE;OTROS EN EMPAQUE;REG SUR;6800;PROMEDIADO;G04;0.3887;0
100020;SAMI;EMPAQUE;OTROS EN EMPAQUE;REG SUR;6800;PROMEDIADO;G04;0.3887;0
100020;VEGA;EMPAQUE;OTROS EN EMPAQUE;REG SUR;6800;PROMEDIADO;G04;0.3887;0
100020;FEDERICA;EMPAQUE;OTROS EN EMPAQUE;REG SUR;6800;PROMEDIADO;G04;0.3887;0
100020;NEERLANDIA;EMPAQUE;OTROS EN EMPAQUE;SG;6800;PROMEDIADO;G04;0.3887;0
100020;SAN ANTONIO;EMPAQUE;OTROS EN EMPAQUE;SG;6800;PROMEDIADO;G04;0.3887;0
100020;MRS;EMPAQUE;OTROS EN EMPAQUE;REG SUR;6800;PROMEDIADO;G04;0.3887;0
100020;DON FUAD;EMPAQUE;OTROS EN EMPAQUE;REG SUR;6800;PROMEDIADO;G04;0.3887;0
100020;EUFEMIA;EMPAQUE;OTROS EN EMPAQUE;EUF;6800;PROMEDIADO;G04;0.3887;0
100020;OLGA;EMPAQUE;OTROS EN EMPAQUE;EUF;6800;PROMEDIADO;G04;0.3887;0
100020;DON SAID;EMPAQUE;OTROS EN EMPAQUE;REG SUR;6800;PROMEDIADO;G04;0.3887;0
100020;ASUNTINA;EMPAQUE;OTROS EN EMPAQUE;REG SUR;6800;PROMEDIADO;G04;0.3887;0
100020;PORLAMAR;EMPAQUE;OTROS EN EMPAQUE;REG SUR;6800;PROMEDIADO;G05;0.3887;0
100020;EL MORRO;EMPAQUE;OTROS EN EMPAQUE;REG SUR;6800;PROMEDIADO;G04;0.3887;0
100020;LA PERLA;EMPAQUE;OTROS EN EMPAQUE;REG SUR;6800;PROMEDIADO;G04;0.3887;0
100020;ARACATACA;EMPAQUE;OTROS EN EMPAQUE;REG SUR;6800;PROMEDIADO;G05;0.3887;0
100020;BOCATOMA;EMPAQUE;OTROS EN EMPAQUE;REG SUR;6800;PROMEDIADO;G04;0.3887;0
100020;JOYA;EMPAQUE;OTROS EN EMPAQUE;REG SUR;6800;PROMEDIADO;G04;0.3887;0
100020;ESMERALDA;EMPAQUE;OTROS EN EMPAQUE;REG SUR;6800;PROMEDIADO;G04;0.3887;0
100020;NARANJOS;EMPAQUE;OTROS EN EMPAQUE;REG SUR;6800;PROMEDIADO;G04;0.3887;0
100020;YUNQUE;EMPAQUE;OTROS EN EMPAQUE;REG SUR;6800;PROMEDIADO;G04;0.3887;0
100020;DONAMA;EMPAQUE;OTROS EN EMPAQUE;REG SUR;6800;PROMEDIADO;G04;0.3887;0
100020;BURDEOS;EMPAQUE;OTROS EN EMPAQUE;REG SUR;6800;PROMEDIADO;G04;0.3887;0
100020;DON MARCE SUR 2;EMPAQUE;OTROS EN EMPAQUE;ORG SUR;6800;PROMEDIADO;G04;0.3887;0
100020;LAS MARGARITAS;EMPAQUE;OTROS EN EMPAQUE;ORG SUR;6800;PROMEDIADO;G04;0.3887;0
100020;LA CECILIA;EMPAQUE;OTROS EN EMPAQUE;ORG SUR;6800;PROMEDIADO;G04;0.3887;0
100020;JOSEFINA;EMPAQUE;OTROS EN EMPAQUE;ORG SUR;6800;PROMEDIADO;G04;0.3887;0
100020;SAN ALFREDO;EMPAQUE;OTROS EN EMPAQUE;ORG SUR;6800;PROMEDIADO;G04;0.3887;0
100020;VICTORIA;EMPAQUE;OTROS EN EMPAQUE;ORG SUR;6800;PROMEDIADO;G04;0.3887;0
100020;CIRCASIA;EMPAQUE;OTROS EN EMPAQUE;ORG SUR;6800;PROMEDIADO;G04;0.3887;0
100020;CIÉNAGA;EMPAQUE;OTROS EN EMPAQUE;ORG SUR;6800;PROMEDIADO;G04;0.3887;0
100020;MARÍA;EMPAQUE;OTROS EN EMPAQUE;ORG SUR;6800;PROMEDIADO;G04;0.3887;0
100020;REMANSO;EMPAQUE;OTROS EN EMPAQUE;ORG SUR;6800;PROMEDIADO;G04;0.3887;0
100020;PIEDECUESTA;EMPAQUE;OTROS EN EMPAQUE;ORG SUR;6800;PROMEDIADO;G04;0.3887;0
100020;NÁUTICA;EMPAQUE;OTROS EN EMPAQUE;CESAR;6800;PROMEDIADO;G05;0.3887;0
100020;LAS LINAS;EMPAQUE;OTROS EN EMPAQUE;LINAS;6800;PROMEDIADO;G04;0.3887;341.25
100020;DON ALÍ;EMPAQUE;OTROS EN EMPAQUE;ORG NORTE;6800;PROMEDIADO;G04;0.3887;234
100020;DR4 DON ALÍ;EMPAQUE;OTROS EN EMPAQUE;ORG NORTE;6800;PROMEDIADO;G04;0.3887;9.75
100020;DON CARLOS;EMPAQUE;OTROS EN EMPAQUE;ORG NORTE;6800;PROMEDIADO;G04;0.3887;87.75
100020;EVA NORTE;EMPAQUE;OTROS EN EMPAQUE;ORG NORTE;6800;PROMEDIADO;G05;0.3887;468
100020;DON PEDRO;EMPAQUE;OTROS EN EMPAQUE;ORG NORTE;6800;PROMEDIADO;G04;0.3887;156
100020;LA VELA;EMPAQUE;OTROS EN EMPAQUE;ORG NORTE;6800;PROMEDIADO;G04;0.3887;117
100020;ESPERANZA;EMPAQUE;OTROS EN EMPAQUE;ORG NORTE;6800;PROMEDIADO;G04;0.3887;0
100020;LINA MARGARITA;EMPAQUE;OTROS EN EMPAQUE;PLAT;0;PROMEDIADO;G04;0.3887;0
100020;DON MARCE;EMPAQUE;OTROS EN EMPAQUE;PLAT;0;PROMEDIADO;G04;0.3887;0
100021;ENANO;EMPAQUE;PERSONAL EXTRA MIGROS/EDEKA;REG SUR;6500;PROMEDIADO;G04;0.3887;0
100021;EVA;EMPAQUE;PERSONAL EXTRA MIGROS/EDEKA;REG SUR;6500;PROMEDIADO;G04;0.3887;0
100021;SAMI;EMPAQUE;PERSONAL EXTRA MIGROS/EDEKA;REG SUR;6500;PROMEDIADO;G04;0.3887;0
100021;VEGA;EMPAQUE;PERSONAL EXTRA MIGROS/EDEKA;REG SUR;6500;PROMEDIADO;G04;0.3887;0
100021;FEDERICA;EMPAQUE;PERSONAL EXTRA MIGROS/EDEKA;REG SUR;6500;PROMEDIADO;G04;0.3887;0
100021;NEERLANDIA;EMPAQUE;PERSONAL EXTRA MIGROS/EDEKA;SG;6500;PROMEDIADO;G04;0.3887;1
100021;SAN ANTONIO;EMPAQUE;PERSONAL EXTRA MIGROS/EDEKA;SG;6500;PROMEDIADO;G04;0.3887;1
100021;MRS;EMPAQUE;PERSONAL EXTRA MIGROS/EDEKA;REG SUR;6500;PROMEDIADO;G04;0.3887;0
100021;DON FUAD;EMPAQUE;PERSONAL EXTRA MIGROS/EDEKA;REG SUR;6500;PROMEDIADO;G04;0.3887;0
100021;EUFEMIA;EMPAQUE;PERSONAL EXTRA MIGROS/EDEKA;EUF;6500;PROMEDIADO;G04;0.3887;1
100021;OLGA;EMPAQUE;PERSONAL EXTRA MIGROS/EDEKA;EUF;6500;PROMEDIADO;G04;0.3887;1
100021;DON SAID;EMPAQUE;PERSONAL EXTRA MIGROS/EDEKA;REG SUR;6500;PROMEDIADO;G04;0.3887;0
100021;ASUNTINA;EMPAQUE;PERSONAL EXTRA MIGROS/EDEKA;REG SUR;6500;PROMEDIADO;G04;0.3887;0
100021;PORLAMAR;EMPAQUE;PERSONAL EXTRA MIGROS/EDEKA;REG SUR;6500;PROMEDIADO;G05;0.3887;0
100021;EL MORRO;EMPAQUE;PERSONAL EXTRA MIGROS/EDEKA;REG SUR;6500;PROMEDIADO;G04;0.3887;0
100021;LA PERLA;EMPAQUE;PERSONAL EXTRA MIGROS/EDEKA;REG SUR;6500;PROMEDIADO;G04;0.3887;0
100021;ARACATACA;EMPAQUE;PERSONAL EXTRA MIGROS/EDEKA;REG SUR;6500;PROMEDIADO;G05;0.3887;0
100021;BOCATOMA;EMPAQUE;PERSONAL EXTRA MIGROS/EDEKA;REG SUR;6500;PROMEDIADO;G04;0.3887;0
100021;JOYA;EMPAQUE;PERSONAL EXTRA MIGROS/EDEKA;REG SUR;6500;PROMEDIADO;G04;0.3887;0
100021;ESMERALDA;EMPAQUE;PERSONAL EXTRA MIGROS/EDEKA;REG SUR;6500;PROMEDIADO;G04;0.3887;0
100021;NARANJOS;EMPAQUE;PERSONAL EXTRA MIGROS/EDEKA;REG SUR;6500;PROMEDIADO;G04;0.3887;0
100021;YUNQUE;EMPAQUE;PERSONAL EXTRA MIGROS/EDEKA;REG SUR;6500;PROMEDIADO;G04;0.3887;0
100021;DONAMA;EMPAQUE;PERSONAL EXTRA MIGROS/EDEKA;REG SUR;6500;PROMEDIADO;G04;0.3887;0
100021;BURDEOS;EMPAQUE;PERSONAL EXTRA MIGROS/EDEKA;REG SUR;6500;PROMEDIADO;G04;0.3887;0
100021;DON MARCE SUR 2;EMPAQUE;PERSONAL EXTRA MIGROS/EDEKA;ORG SUR;6500;PROMEDIADO;G04;0.3887;0
100021;LAS MARGARITAS;EMPAQUE;PERSONAL EXTRA MIGROS/EDEKA;ORG SUR;6500;PROMEDIADO;G04;0.3887;0
100021;LA CECILIA;EMPAQUE;PERSONAL EXTRA MIGROS/EDEKA;ORG SUR;6500;PROMEDIADO;G04;0.3887;0
100021;JOSEFINA;EMPAQUE;PERSONAL EXTRA MIGROS/EDEKA;ORG SUR;6500;PROMEDIADO;G04;0.3887;0
100021;SAN ALFREDO;EMPAQUE;PERSONAL EXTRA MIGROS/EDEKA;ORG SUR;6500;PROMEDIADO;G04;0.3887;0
100021;VICTORIA;EMPAQUE;PERSONAL EXTRA MIGROS/EDEKA;ORG SUR;6500;PROMEDIADO;G04;0.3887;0
100021;CIRCASIA;EMPAQUE;PERSONAL EXTRA MIGROS/EDEKA;ORG SUR;6500;PROMEDIADO;G04;0.3887;0
100021;CIÉNAGA;EMPAQUE;PERSONAL EXTRA MIGROS/EDEKA;ORG SUR;6500;PROMEDIADO;G04;0.3887;0
100021;MARÍA;EMPAQUE;PERSONAL EXTRA MIGROS/EDEKA;ORG SUR;6500;PROMEDIADO;G04;0.3887;0
100021;REMANSO;EMPAQUE;PERSONAL EXTRA MIGROS/EDEKA;ORG SUR;6500;PROMEDIADO;G04;0.3887;0
100021;PIEDECUESTA;EMPAQUE;PERSONAL EXTRA MIGROS/EDEKA;ORG SUR;6500;PROMEDIADO;G04;0.3887;0
100021;NÁUTICA;EMPAQUE;PERSONAL EXTRA MIGROS/EDEKA;CESAR;6500;PROMEDIADO;G05;0.3887;0
100021;LAS LINAS;EMPAQUE;PERSONAL EXTRA MIGROS/EDEKA;LINAS;6500;PROMEDIADO;G04;0.3887;0
100021;DON ALÍ;EMPAQUE;PERSONAL EXTRA MIGROS/EDEKA;ORG NORTE;6500;PROMEDIADO;G04;0.3887;0
100021;DR4 DON ALÍ;EMPAQUE;PERSONAL EXTRA MIGROS/EDEKA;ORG NORTE;6500;PROMEDIADO;G04;0.3887;0
100021;DON CARLOS;EMPAQUE;PERSONAL EXTRA MIGROS/EDEKA;ORG NORTE;6500;PROMEDIADO;G04;0.3887;0
100021;EVA NORTE;EMPAQUE;PERSONAL EXTRA MIGROS/EDEKA;ORG NORTE;6500;PROMEDIADO;G05;0.3887;0
100021;DON PEDRO;EMPAQUE;PERSONAL EXTRA MIGROS/EDEKA;ORG NORTE;6500;PROMEDIADO;G04;0.3887;0
100021;LA VELA;EMPAQUE;PERSONAL EXTRA MIGROS/EDEKA;ORG NORTE;6500;PROMEDIADO;G04;0.3887;0
100021;ESPERANZA;EMPAQUE;PERSONAL EXTRA MIGROS/EDEKA;ORG NORTE;6500;PROMEDIADO;G04;0.3887;0
100021;LINA MARGARITA;EMPAQUE;PERSONAL EXTRA MIGROS/EDEKA;PLAT;0;PROMEDIADO;G04;0.3887;0
100021;DON MARCE;EMPAQUE;PERSONAL EXTRA MIGROS/EDEKA;PLAT;0;PROMEDIADO;G04;0.3887;0
100022;ENANO;EMPAQUE;AJUSTE DE EMPAQUE;REG SUR;1;AJUSTE;G04;0.3887;0
100022;EVA;EMPAQUE;AJUSTE DE EMPAQUE;REG SUR;1;AJUSTE;G04;0.3887;0
100022;SAMI;EMPAQUE;AJUSTE DE EMPAQUE;REG SUR;1;AJUSTE;G04;0.3887;0
100022;VEGA;EMPAQUE;AJUSTE DE EMPAQUE;REG SUR;1;AJUSTE;G04;0.3887;0
100022;FEDERICA;EMPAQUE;AJUSTE DE EMPAQUE;REG SUR;1;AJUSTE;G04;0.3887;0
100022;NEERLANDIA;EMPAQUE;AJUSTE DE EMPAQUE;SG;1;AJUSTE;G04;0.3887;0
100022;SAN ANTONIO;EMPAQUE;AJUSTE DE EMPAQUE;SG;1;AJUSTE;G04;0.3887;0
100022;MRS;EMPAQUE;AJUSTE DE EMPAQUE;REG SUR;1;AJUSTE;G04;0.3887;0
100022;DON FUAD;EMPAQUE;AJUSTE DE EMPAQUE;REG SUR;1;AJUSTE;G04;0.3887;0
100022;EUFEMIA;EMPAQUE;AJUSTE DE EMPAQUE;EUF;1;AJUSTE;G04;0.3887;0
100022;OLGA;EMPAQUE;AJUSTE DE EMPAQUE;EUF;1;AJUSTE;G04;0.3887;0
100022;DON SAID;EMPAQUE;AJUSTE DE EMPAQUE;REG SUR;1;AJUSTE;G04;0.3887;0
100022;ASUNTINA;EMPAQUE;AJUSTE DE EMPAQUE;REG SUR;1;AJUSTE;G04;0.3887;0
100022;PORLAMAR;EMPAQUE;AJUSTE DE EMPAQUE;REG SUR;1;AJUSTE;G05;0.3887;0
100022;EL MORRO;EMPAQUE;AJUSTE DE EMPAQUE;REG SUR;1;AJUSTE;G04;0.3887;0
100022;LA PERLA;EMPAQUE;AJUSTE DE EMPAQUE;REG SUR;1;AJUSTE;G04;0.3887;0
100022;ARACATACA;EMPAQUE;AJUSTE DE EMPAQUE;REG SUR;1;AJUSTE;G05;0.3887;0
100022;BOCATOMA;EMPAQUE;AJUSTE DE EMPAQUE;REG SUR;1;AJUSTE;G04;0.3887;0
100022;JOYA;EMPAQUE;AJUSTE DE EMPAQUE;REG SUR;1;AJUSTE;G04;0.3887;0
100022;ESMERALDA;EMPAQUE;AJUSTE DE EMPAQUE;REG SUR;1;AJUSTE;G04;0.3887;0
100022;NARANJOS;EMPAQUE;AJUSTE DE EMPAQUE;REG SUR;1;AJUSTE;G04;0.3887;0
100022;YUNQUE;EMPAQUE;AJUSTE DE EMPAQUE;REG SUR;1;AJUSTE;G04;0.3887;0
100022;DONAMA;EMPAQUE;AJUSTE DE EMPAQUE;REG SUR;1;AJUSTE;G04;0.3887;0
100022;BURDEOS;EMPAQUE;AJUSTE DE EMPAQUE;REG SUR;1;AJUSTE;G04;0.3887;0
100022;DON MARCE SUR 2;EMPAQUE;AJUSTE DE EMPAQUE;ORG SUR;1;AJUSTE;G04;0.3887;0
100022;LAS MARGARITAS;EMPAQUE;AJUSTE DE EMPAQUE;ORG SUR;1;AJUSTE;G04;0.3887;0
100022;LA CECILIA;EMPAQUE;AJUSTE DE EMPAQUE;ORG SUR;1;AJUSTE;G04;0.3887;0
100022;JOSEFINA;EMPAQUE;AJUSTE DE EMPAQUE;ORG SUR;1;AJUSTE;G04;0.3887;0
100022;SAN ALFREDO;EMPAQUE;AJUSTE DE EMPAQUE;ORG SUR;1;AJUSTE;G04;0.3887;0
100022;VICTORIA;EMPAQUE;AJUSTE DE EMPAQUE;ORG SUR;1;AJUSTE;G04;0.3887;0
100022;CIRCASIA;EMPAQUE;AJUSTE DE EMPAQUE;ORG SUR;1;AJUSTE;G04;0.3887;0
100022;CIÉNAGA;EMPAQUE;AJUSTE DE EMPAQUE;ORG SUR;1;AJUSTE;G04;0.3887;0
100022;MARÍA;EMPAQUE;AJUSTE DE EMPAQUE;ORG SUR;1;AJUSTE;G04;0.3887;0
100022;REMANSO;EMPAQUE;AJUSTE DE EMPAQUE;ORG SUR;1;AJUSTE;G04;0.3887;0
100022;PIEDECUESTA;EMPAQUE;AJUSTE DE EMPAQUE;ORG SUR;1;AJUSTE;G04;0.3887;0
100022;NÁUTICA;EMPAQUE;AJUSTE DE EMPAQUE;CESAR;1;AJUSTE;G05;0.3887;0
100022;LAS LINAS;EMPAQUE;AJUSTE DE EMPAQUE;LINAS;1;AJUSTE;G04;0.3887;0
100022;DON ALÍ;EMPAQUE;AJUSTE DE EMPAQUE;ORG NORTE;1;AJUSTE;G04;0.3887;0
100022;DR4 DON ALÍ;EMPAQUE;AJUSTE DE EMPAQUE;ORG NORTE;1;AJUSTE;G04;0.3887;0
100022;DON CARLOS;EMPAQUE;AJUSTE DE EMPAQUE;ORG NORTE;1;AJUSTE;G04;0.3887;0
100022;EVA NORTE;EMPAQUE;AJUSTE DE EMPAQUE;ORG NORTE;1;AJUSTE;G05;0.3887;0
100022;DON PEDRO;EMPAQUE;AJUSTE DE EMPAQUE;ORG NORTE;1;AJUSTE;G04;0.3887;0
100022;LA VELA;EMPAQUE;AJUSTE DE EMPAQUE;ORG NORTE;1;AJUSTE;G04;0.3887;0
100022;ESPERANZA;EMPAQUE;AJUSTE DE EMPAQUE;ORG NORTE;1;AJUSTE;G04;0.3887;0
100022;LINA MARGARITA;EMPAQUE;AJUSTE DE EMPAQUE;PLAT;0;AJUSTE;G04;0.3887;0
100022;DON MARCE;EMPAQUE;AJUSTE DE EMPAQUE;PLAT;0;AJUSTE;G04;0.3887;0
